"Date","Price","Open","High","Low","Vol.","Change %"
"2024-11-22","178.29","178.75","180.16","177.67","177.90K","0.08%"
"2024-11-21","178.14","177.00","178.43","176.20","338.15K","0.50%"
"2024-11-20","177.26","175.43","177.83","173.57","301.57K","1.18%"
"2024-11-19","175.20","177.00","177.00","173.84","365.21K","-1.56%"
"2024-11-18","177.98","181.48","181.48","176.90","388.79K","-1.93%"
"2024-11-15","181.49","180.55","182.00","179.35","337.66K","0.48%"
"2024-11-14","180.63","183.01","184.04","179.71","366.20K","-1.23%"
"2024-11-13","182.88","183.97","186.60","180.07","404.54K","-2.41%"
"2024-11-12","187.39","186.02","187.63","185.02","340.83K","0.75%"
"2024-11-11","186.00","186.26","188.77","185.38","169.00K","0.26%"
"2024-11-08","185.51","186.27","187.41","185.25","334.80K","-0.18%"
"2024-11-07","185.84","184.17","186.23","183.76","372.40K","1.13%"
"2024-11-06","183.77","181.66","183.99","180.49","294.96K","1.66%"
"2024-11-05","180.77","177.98","181.32","177.00","265.07K","1.57%"
"2024-11-04","177.97","176.82","178.64","176.55","186.39K","0.32%"
"2024-11-01","177.41","176.08","178.07","176.04","200.84K","0.78%"
"2024-10-31","176.04","179.15","179.15","175.51","403.40K","-1.83%"
"2024-10-30","179.33","175.73","179.58","175.46","332.78K","1.79%"
"2024-10-29","176.17","175.53","176.94","174.63","266.72K","0.11%"
"2024-10-28","175.98","173.23","176.69","173.23","230.10K","1.72%"
"2024-10-25","173.00","173.79","174.93","172.67","244.34K","-0.80%"
"2024-10-24","174.40","173.08","174.95","173.08","292.11K","0.18%"
"2024-10-23","174.08","173.73","175.52","172.96","195.64K","-0.01%"
"2024-10-22","174.09","172.91","174.23","170.98","256.14K","0.14%"
"2024-10-21","173.84","176.86","177.75","173.05","282.92K","-1.91%"
"2024-10-18","177.23","177.71","177.80","176.91","232.59K","-0.06%"
"2024-10-17","177.33","177.49","178.64","176.83","268.71K","0.12%"
"2024-10-16","177.11","177.55","178.56","176.83","274.26K","-0.25%"
"2024-10-15","177.55","177.19","178.60","176.51","390.70K","0.08%"
"2024-10-11","177.41","176.90","178.46","176.78","226.29K","0.35%"
"2024-10-10","176.80","176.73","177.60","176.20","238.90K","-0.12%"
"2024-10-09","177.02","175.11","177.62","175.07","264.71K","0.92%"
"2024-10-08","175.41","175.00","175.83","173.76","295.73K","0.65%"
"2024-10-07","174.28","172.61","175.09","172.51","312.34K","0.79%"
"2024-10-04","172.91","174.90","176.77","172.83","257.98K","-1.22%"
"2024-10-03","175.05","175.62","176.44","172.13","276.14K","-0.39%"
"2024-10-02","175.73","179.00","180.79","175.62","258.44K","-2.07%"
"2024-10-01","179.44","179.86","180.66","178.31","401.87K","-0.36%"
"2024-09-30","180.08","177.67","180.40","177.46","754.80K","1.32%"
"2024-09-27","177.74","178.28","179.24","177.65","234.84K","-0.22%"
"2024-09-26","178.14","178.00","179.39","176.21","267.30K","0.23%"
"2024-09-25","177.74","176.58","178.30","176.20","187.12K","0.57%"
"2024-09-24","176.74","177.64","178.82","176.68","282.24K","-0.32%"
"2024-09-23","177.31","174.30","177.37","173.68","320.16K","1.63%"
"2024-09-20","174.46","171.73","174.50","170.25","1.79M","2.20%"
"2024-09-19","170.70","175.07","175.76","170.64","533.59K","-1.90%"
"2024-09-18","174.01","175.07","175.53","172.90","439.53K","-0.58%"
"2024-09-17","175.03","181.35","181.97","173.45","524.11K","-3.19%"
"2024-09-16","180.80","180.81","182.19","179.92","404.93K","0.18%"
"2024-09-13","180.47","179.54","180.94","178.94","320.50K","0.24%"
"2024-09-12","180.04","176.57","180.30","176.56","381.92K","1.97%"
"2024-09-11","176.57","175.35","176.89","173.84","409.92K","0.48%"
"2024-09-10","175.72","175.87","177.71","174.26","390.20K","-0.19%"
"2024-09-09","176.06","174.59","176.46","174.56","224.17K","1.04%"
"2024-09-06","174.25","175.56","176.23","172.71","367.01K","-0.98%"
"2024-09-05","175.98","175.78","176.88","175.06","269.68K","0.03%"
"2024-09-04","175.92","174.81","176.63","174.19","182.87K","0.25%"
"2024-09-03","175.48","175.60","175.79","172.60","402.67K","-0.23%"
"2024-08-30","175.88","174.11","176.14","173.19","572.78K","1.08%"
"2024-08-29","174.00","173.08","174.94","172.91","214.32K","0.43%"
"2024-08-28","173.25","172.97","174.40","172.75","165.45K","0.13%"
"2024-08-27","173.02","172.59","173.94","172.42","183.44K","-0.10%"
"2024-08-26","173.19","172.52","174.28","172.51","142.81K","0.16%"
"2024-08-23","172.91","172.40","173.76","172.22","171.80K","0.35%"
"2024-08-22","172.31","172.11","172.44","171.27","177.70K","0.36%"
"2024-08-21","171.69","171.30","172.53","170.99","207.44K","0.29%"
"2024-08-20","171.20","171.33","171.90","171.02","194.16K","0.01%"
"2024-08-19","171.19","172.47","173.53","170.77","527.43K","-0.86%"
"2024-08-16","172.68","173.08","173.84","171.97","232.64K","-0.48%"
"2024-08-15","173.52","171.29","174.25","171.00","226.41K","1.52%"
"2024-08-14","170.93","168.33","171.10","167.24","258.25K","1.39%"
"2024-08-13","168.58","166.80","168.68","166.14","217.39K","1.70%"
"2024-08-12","165.77","164.93","166.70","164.07","166.80K","0.48%"
"2024-08-09","164.97","165.12","166.23","164.28","222.26K","0.25%"
"2024-08-08","164.56","163.69","165.64","163.69","255.24K","1.07%"
"2024-08-07","162.82","165.39","166.36","162.59","292.69K","-1.34%"
"2024-08-06","165.03","164.24","166.07","163.17","471.16K","-1.39%"
"2024-08-02","167.36","166.66","169.42","165.69","348.55K","-0.54%"
"2024-08-01","168.27","170.53","170.67","167.77","276.86K","-1.16%"
"2024-07-31","170.25","169.50","170.87","168.89","213.06K","0.50%"
"2024-07-30","169.40","168.23","170.41","168.23","342.28K","0.83%"
"2024-07-29","168.01","168.72","169.79","167.93","185.91K","-0.43%"
"2024-07-26","168.73","169.05","169.90","166.85","273.43K","0.26%"
"2024-07-25","168.30","164.20","169.52","163.25","324.95K","-0.41%"
"2024-07-24","168.99","169.65","171.99","168.81","290.85K","-0.49%"
"2024-07-23","169.82","168.76","170.09","168.05","207.01K","0.56%"
"2024-07-22","168.88","169.94","170.01","168.00","356.70K","-0.24%"
"2024-07-19","169.28","166.14","169.40","166.14","202.55K","1.88%"
"2024-07-18","166.16","164.99","166.68","164.99","493.16K","0.39%"
"2024-07-17","165.51","165.13","166.99","164.62","253.30K","-0.44%"
"2024-07-16","166.24","166.09","167.35","165.06","247.69K","0.10%"
"2024-07-15","166.08","166.71","167.55","165.55","288.11K","-0.14%"
"2024-07-12","166.31","165.74","167.70","165.74","241.33K","0.45%"
"2024-07-11","165.56","166.56","166.91","165.56","304.27K","-0.32%"
"2024-07-10","166.09","165.09","167.16","164.75","259.67K","0.85%"
"2024-07-09","164.69","164.89","165.67","164.31","303.86K","-0.06%"
"2024-07-08","164.79","163.98","165.00","163.42","333.69K","0.88%"
"2024-07-05","163.35","162.40","164.25","161.79","397.85K","0.80%"
"2024-07-04","162.05","162.82","164.10","162.03","110.30K","0.16%"
"2024-07-03","161.79","160.14","163.40","160.14","299.33K","1.28%"
"2024-07-02","159.75","158.45","160.17","157.42","319.53K","0.66%"
"2024-06-28","158.70","159.34","160.11","157.40","265.27K","-0.26%"
"2024-06-27","159.11","157.77","159.24","157.28","311.62K","0.70%"
"2024-06-26","158.01","156.88","158.54","156.21","370.37K","0.63%"
"2024-06-25","157.02","156.20","157.54","154.80","284.89K","0.33%"
"2024-06-24","156.50","154.24","156.68","154.14","389.94K","1.47%"
"2024-06-21","154.24","153.92","154.60","153.36","1.40M","0.25%"
"2024-06-20","153.86","154.40","155.29","152.76","517.66K","-0.76%"
"2024-06-19","155.04","155.46","156.15","154.27","305.21K","-0.55%"
"2024-06-18","155.90","157.03","157.48","155.47","677.39K","-0.74%"
"2024-06-17","157.07","156.09","157.50","156.01","455.50K","0.46%"
"2024-06-14","156.35","156.54","157.00","154.71","526.77K","-0.84%"
"2024-06-13","157.67","158.70","159.73","157.45","350.08K","-0.75%"
"2024-06-12","158.86","158.41","160.00","157.86","272.72K","0.16%"
"2024-06-11","158.60","159.70","159.99","157.72","402.07K","-0.68%"
"2024-06-10","159.69","160.51","161.10","159.48","217.13K","-0.77%"
"2024-06-07","160.93","161.76","162.41","160.42","298.04K","-0.57%"
"2024-06-06","161.86","161.82","164.94","161.41","355.15K","0.19%"
"2024-06-05","161.56","161.33","162.50","161.04","646.50K","0.40%"
"2024-06-04","160.91","160.00","161.50","159.51","482.69K","0.81%"
"2024-06-03","159.62","157.90","160.21","157.88","679.17K","0.83%"
"2024-05-31","158.30","156.30","158.40","155.01","1.39M","1.49%"
"2024-05-30","155.98","154.93","157.13","154.47","430.15K","0.60%"
"2024-05-29","155.05","153.33","155.61","152.51","457.43K","0.68%"
"2024-05-28","154.00","155.53","155.86","152.39","496.13K","-1.34%"
"2024-05-27","156.09","156.66","156.91","155.55","130.19K","-0.36%"
"2024-05-24","156.66","156.58","158.40","155.94","683.13K","0.26%"
"2024-05-23","156.25","156.63","156.96","154.56","440.49K","0.37%"
"2024-05-22","155.67","155.63","156.65","154.46","539.82K","-0.22%"
"2024-05-21","156.02","156.90","157.86","155.62","331.86K","-0.93%"
"2024-05-17","157.48","157.12","157.91","156.03","252.94K","0.26%"
"2024-05-16","157.07","155.60","157.93","154.02","520.38K","1.24%"
"2024-05-15","155.14","155.38","156.00","154.39","355.33K","-0.40%"
"2024-05-14","155.76","155.39","156.03","154.58","206.11K","0.04%"
"2024-05-13","155.70","155.88","156.81","154.89","306.33K","-0.27%"
"2024-05-10","156.12","156.03","157.11","155.80","371.75K","0.32%"
"2024-05-09","155.62","156.80","157.20","155.24","259.15K","-0.72%"
"2024-05-08","156.75","154.58","157.60","154.58","501.62K","1.46%"
"2024-05-07","154.50","155.78","156.49","154.45","362.97K","-0.63%"
"2024-05-06","155.48","154.18","156.52","154.18","316.22K","1.01%"
"2024-05-03","153.93","154.73","154.73","152.74","236.89K","-0.44%"
"2024-05-02","154.61","153.80","155.22","153.36","281.82K","1.16%"
"2024-05-01","152.84","146.99","153.69","146.49","207.09K","1.25%"
"2024-04-30","150.96","152.30","152.58","150.91","194.63K","-1.10%"
"2024-04-29","152.64","152.39","152.92","151.29","250.62K","0.18%"
"2024-04-26","152.37","152.28","153.50","151.90","192.97K","-0.04%"
"2024-04-25","152.43","151.91","153.49","150.21","199.55K","0.11%"
"2024-04-24","152.27","150.24","152.33","150.24","337.72K","1.29%"
"2024-04-23","150.33","151.04","152.07","149.98","280.00K","-0.17%"
"2024-04-22","150.58","148.80","151.00","148.80","340.92K","1.56%"
"2024-04-19","148.27","148.36","149.35","147.51","444.05K","0.03%"
"2024-04-18","148.23","149.46","149.75","146.90","404.94K","-0.52%"
"2024-04-17","149.01","148.56","149.43","147.12","233.01K","0.50%"
"2024-04-16","148.27","149.58","149.76","147.78","332.79K","-0.64%"
"2024-04-15","149.23","147.51","150.43","147.09","407.61K","1.80%"
"2024-04-12","146.59","148.00","148.43","145.80","304.63K","-1.15%"
"2024-04-11","148.30","149.39","149.39","147.84","352.31K","-0.34%"
"2024-04-10","148.80","148.63","149.57","147.63","270.83K","-0.19%"
"2024-04-09","149.09","149.67","149.67","147.62","258.14K","-0.05%"
"2024-04-08","149.17","149.39","150.00","149.09","306.13K","-0.23%"
"2024-04-05","149.52","147.09","149.89","146.84","272.10K","1.48%"
"2024-04-04","147.34","150.05","150.22","146.86","419.60K","-1.74%"
"2024-04-03","149.95","149.35","150.75","149.01","326.99K","0.21%"
"2024-04-02","149.64","149.40","149.85","148.54","377.49K","-0.58%"
"2024-04-01","150.52","150.34","151.20","149.13","209.03K","0.28%"
"2024-03-28","150.10","151.27","152.32","149.00","421.72K","-0.92%"
"2024-03-27","151.50","152.59","153.29","151.38","300.30K","-0.25%"
"2024-03-26","151.88","153.19","153.76","151.82","410.31K","-1.16%"
"2024-03-25","153.66","152.40","154.70","151.58","398.42K","0.54%"
"2024-03-22","152.83","150.79","153.01","149.82","531.09K","1.66%"
"2024-03-21","150.34","149.55","151.19","148.93","555.19K","0.33%"
"2024-03-20","149.85","150.50","151.06","149.42","368.37K","-0.25%"
"2024-03-19","150.23","149.96","150.69","148.89","365.32K","0.26%"
"2024-03-18","149.84","150.72","151.18","149.71","464.81K","-0.53%"
"2024-03-15","150.64","150.09","150.92","149.18","1.33M","0.27%"
"2024-03-14","150.24","151.00","151.08","149.28","406.44K","-0.83%"
"2024-03-13","151.50","149.81","152.00","149.57","432.79K","1.21%"
"2024-03-12","149.69","150.00","150.87","149.15","253.62K","0.15%"
"2024-03-11","149.46","148.24","150.44","148.18","549.47K","0.54%"
"2024-03-08","148.66","149.13","151.75","148.02","793.51K","-0.67%"
"2024-03-07","149.66","144.26","149.69","143.96","574.33K","3.57%"
"2024-03-06","144.50","142.05","144.59","141.59","630.94K","1.66%"
"2024-03-05","142.14","142.75","143.15","141.66","295.82K","-0.36%"
"2024-03-04","142.66","144.12","144.84","142.46","332.45K","-1.70%"
"2024-03-01","145.13","144.78","146.51","144.13","249.78K","0.34%"
"2024-02-29","144.64","147.48","147.54","144.37","493.59K","-1.81%"
"2024-02-28","147.30","145.82","148.10","144.99","540.53K","0.59%"
"2024-02-27","146.43","145.80","146.60","143.59","395.61K","0.47%"
"2024-02-26","145.74","144.60","146.71","143.56","400.66K","0.79%"
"2024-02-23","144.60","143.00","144.72","141.68","649.04K","1.18%"
"2024-02-22","142.92","138.84","143.51","138.13","655.38K","3.48%"
"2024-02-21","138.11","138.80","139.28","137.98","279.21K","-0.65%"
"2024-02-20","139.02","137.70","140.18","137.43","305.36K","0.91%"
"2024-02-16","137.76","137.00","138.09","136.12","265.39K","0.72%"
"2024-02-15","136.77","136.19","137.14","135.61","194.05K","0.61%"
"2024-02-14","135.94","133.74","136.06","133.23","269.89K","2.08%"
"2024-02-13","133.17","133.08","134.10","132.55","283.53K","-0.47%"
"2024-02-12","133.80","133.87","135.22","133.65","189.45K","-0.15%"
"2024-02-09","134.00","133.80","134.45","133.30","298.28K","0.00%"
"2024-02-08","134.00","134.49","135.46","133.38","363.96K","-0.56%"
"2024-02-07","134.76","134.67","135.86","134.47","174.48K","-0.10%"
"2024-02-06","134.90","134.47","135.07","133.59","236.49K","0.16%"
"2024-02-05","134.68","136.14","136.39","134.35","297.15K","-1.01%"
"2024-02-02","136.06","135.86","136.68","135.00","254.58K","0.14%"
"2024-02-01","135.87","134.94","136.01","134.55","170.58K","1.13%"
"2024-01-31","134.35","134.93","135.25","134.18","403.19K","-0.27%"
"2024-01-30","134.71","134.59","135.37","133.93","234.42K","0.06%"
"2024-01-29","134.63","133.55","134.64","133.55","259.08K","0.81%"
"2024-01-26","133.55","133.79","134.75","133.40","443.81K","-0.46%"
"2024-01-25","134.17","134.16","134.36","132.92","394.71K","-0.16%"
"2024-01-24","134.39","134.62","136.55","134.01","480.06K","-0.17%"
"2024-01-23","134.62","133.01","135.04","133.01","416.93K","0.99%"
"2024-01-22","133.30","134.13","134.69","133.10","303.90K","-0.49%"
"2024-01-19","133.96","134.92","135.16","133.27","556.68K","-0.77%"
"2024-01-18","135.00","131.74","135.64","131.02","432.03K","2.52%"
"2024-01-17","131.68","132.26","132.81","130.32","383.85K","-0.84%"
"2024-01-16","132.80","131.00","133.00","130.74","361.19K","1.09%"
"2024-01-15","131.37","129.00","131.71","129.00","214.18K","1.51%"
"2024-01-12","129.41","130.00","131.04","128.38","409.29K","-0.32%"
"2024-01-11","129.82","128.00","130.00","127.17","290.81K","1.75%"
"2024-01-10","127.59","126.41","127.66","126.15","171.52K","0.80%"
"2024-01-09","126.58","127.15","127.35","126.38","505.90K","-0.80%"
"2024-01-08","127.60","126.89","127.89","126.19","369.83K","0.65%"
"2024-01-05","126.78","126.50","126.84","125.66","213.97K","0.15%"
"2024-01-04","126.59","127.34","127.50","125.95","445.81K","-0.71%"
"2024-01-03","127.50","128.26","128.92","127.31","172.92K","-0.55%"
"2024-01-02","128.20","127.71","128.69","127.01","229.25K","-0.06%"
"2023-12-29","128.28","127.31","128.44","127.31","159.26K","0.71%"
"2023-12-28","127.37","127.74","128.12","126.93","171.09K","0.25%"
"2023-12-27","127.05","125.36","127.75","125.22","175.82K","0.79%"
"2023-12-22","126.06","125.17","126.52","124.76","472.48K","0.71%"
"2023-12-21","125.17","124.27","125.23","123.96","347.27K","1.03%"
"2023-12-20","123.90","122.15","124.44","122.11","661.72K","1.36%"
"2023-12-19","122.24","119.99","122.74","119.99","719.11K","1.76%"
"2023-12-18","120.12","118.53","120.65","118.20","510.39K","1.30%"
"2023-12-15","118.58","120.56","120.56","118.34","1.43M","-1.18%"
"2023-12-14","119.99","125.10","125.65","118.02","1.23M","-4.83%"
"2023-12-13","126.08","125.00","126.60","124.65","642.40K","0.70%"
"2023-12-12","125.20","125.00","125.50","124.38","556.96K","0.16%"
"2023-12-11","125.00","123.87","125.19","123.37","438.83K","0.77%"
"2023-12-08","124.05","123.31","125.00","122.87","585.54K","0.54%"
"2023-12-07","123.38","123.10","123.72","122.29","506.72K","0.49%"
"2023-12-06","122.78","121.21","123.90","120.50","802.76K","1.52%"
"2023-12-05","120.94","118.99","121.36","118.74","607.49K","1.82%"
"2023-12-04","118.78","118.50","119.22","117.62","318.19K","0.50%"
"2023-12-01","118.19","117.71","118.60","117.14","531.22K","1.02%"
"2023-11-30","117.00","120.90","120.90","116.81","2.47M","-2.87%"
"2023-11-29","120.46","119.64","121.67","118.95","519.21K","0.32%"
"2023-11-28","120.07","121.25","121.95","119.80","544.51K","-1.36%"
"2023-11-27","121.73","121.29","121.86","120.61","404.22K","0.05%"
"2023-11-24","121.67","121.71","122.34","121.24","209.78K","-0.03%"
"2023-11-23","121.71","122.36","123.14","121.62","147.14K","-0.52%"
"2023-11-22","122.35","119.32","122.78","118.60","597.65K","2.74%"
"2023-11-21","119.09","121.11","121.11","118.75","451.90K","-1.39%"
"2023-11-20","120.77","121.00","121.72","120.50","314.80K","-0.81%"
"2023-11-17","121.76","123.10","123.48","121.34","525.88K","-0.94%"
"2023-11-16","122.92","119.11","123.27","119.11","460.98K","2.19%"
"2023-11-15","120.29","124.30","124.59","119.61","415.79K","-2.23%"
"2023-11-14","123.03","121.37","124.19","121.37","391.68K","0.46%"
"2023-11-13","122.47","121.25","122.52","120.36","403.36K","0.96%"
"2023-11-10","121.31","120.51","121.68","119.87","163.43K","0.82%"
"2023-11-09","120.32","119.83","121.05","118.82","265.54K","0.41%"
"2023-11-08","119.83","120.96","121.98","119.60","232.14K","-0.79%"
"2023-11-07","120.79","121.15","121.39","120.32","208.56K","-0.29%"
"2023-11-06","121.14","119.74","121.93","118.76","279.82K","1.31%"
"2023-11-03","119.57","117.89","119.99","117.46","275.15K","1.50%"
"2023-11-02","117.80","115.22","118.08","114.66","262.20K","2.26%"
"2023-11-01","115.20","113.99","115.70","113.14","192.56K","1.57%"
"2023-10-31","113.42","113.45","113.93","112.03","443.08K","0.11%"
"2023-10-30","113.30","111.10","113.44","110.52","236.62K","2.43%"
"2023-10-27","110.61","111.40","111.78","110.54","152.69K","-0.63%"
"2023-10-26","111.31","111.65","112.24","110.99","305.47K","-0.21%"
"2023-10-25","111.54","110.75","112.57","110.75","334.26K","0.52%"
"2023-10-24","110.96","111.77","112.42","110.84","333.01K","-0.72%"
"2023-10-23","111.76","111.30","112.77","111.30","199.72K","0.22%"
"2023-10-20","111.52","111.62","112.67","111.12","307.67K","-0.31%"
"2023-10-19","111.87","112.58","113.90","111.55","277.86K","-1.00%"
"2023-10-18","113.00","114.19","114.55","112.90","389.51K","-1.53%"
"2023-10-17","114.75","114.62","115.15","114.00","265.62K","-0.19%"
"2023-10-16","114.97","114.16","115.54","113.78","269.35K","1.03%"
"2023-10-13","113.80","116.42","116.82","113.54","345.62K","-2.24%"
"2023-10-12","116.41","116.09","116.59","115.28","231.98K","0.26%"
"2023-10-11","116.11","115.78","116.19","114.09","539.90K","0.33%"
"2023-10-10","115.73","116.54","117.07","115.62","297.66K","-0.63%"
"2023-10-06","116.46","116.93","117.48","115.70","247.74K","-0.50%"
"2023-10-05","117.05","117.61","118.18","116.80","321.93K","-0.45%"
"2023-10-04","117.58","117.61","118.74","116.54","352.70K","0.33%"
"2023-10-03","117.19","115.85","118.05","115.56","520.68K","0.92%"
"2023-10-02","116.12","115.59","117.11","115.25","389.82K","0.62%"
"2023-09-29","115.40","115.51","115.89","114.52","459.03K","0.10%"
"2023-09-28","115.28","113.29","115.40","112.41","333.31K","1.84%"
"2023-09-27","113.20","113.75","114.44","111.96","454.11K","-0.61%"
"2023-09-26","113.90","111.82","114.61","111.47","524.37K","1.59%"
"2023-09-25","112.12","112.88","113.60","111.92","243.98K","-0.82%"
"2023-09-22","113.05","113.29","113.91","112.95","264.12K","-0.06%"
"2023-09-21","113.12","113.48","113.82","112.74","430.18K","-0.49%"
"2023-09-20","113.68","113.63","114.36","113.32","299.42K","0.13%"
"2023-09-19","113.53","114.83","115.65","113.46","402.27K","-1.77%"
"2023-09-18","115.57","115.34","116.48","114.61","462.49K","0.17%"
"2023-09-15","115.37","116.71","117.32","114.83","1.66M","-1.96%"
"2023-09-14","117.68","117.72","117.99","116.68","562.70K","0.08%"
"2023-09-13","117.59","118.15","118.15","117.13","709.36K","-0.41%"
"2023-09-12","118.08","118.50","118.96","118.02","188.63K","-0.42%"
"2023-09-11","118.58","118.66","119.10","117.85","150.55K","0.38%"
"2023-09-08","118.13","117.00","118.53","116.68","193.20K","0.80%"
"2023-09-07","117.19","119.49","119.53","116.99","344.39K","-1.59%"
"2023-09-06","119.08","119.11","119.85","118.97","333.80K","-0.05%"
"2023-09-05","119.14","118.41","119.55","118.08","227.34K","0.48%"
"2023-09-01","118.57","117.87","119.11","116.90","380.84K","1.06%"
"2023-08-31","117.33","119.46","119.60","117.28","812.01K","-1.76%"
"2023-08-30","119.43","119.50","120.65","118.83","351.46K","0.01%"
"2023-08-29","119.42","116.51","119.48","116.16","537.35K","2.02%"
"2023-08-28","117.05","116.86","117.21","116.13","266.27K","0.43%"
"2023-08-25","116.55","115.66","116.93","114.83","345.99K","0.88%"
"2023-08-24","115.53","115.07","115.82","114.47","267.32K","0.17%"
"2023-08-23","115.33","114.99","115.56","114.36","253.57K","0.47%"
"2023-08-22","114.79","115.50","115.64","113.70","464.53K","-0.61%"
"2023-08-21","115.50","115.76","116.22","115.13","332.15K","-0.19%"
"2023-08-18","115.72","116.76","116.77","115.54","517.45K","-0.64%"
"2023-08-17","116.47","116.84","117.00","116.11","221.26K","-0.18%"
"2023-08-16","116.68","116.38","117.76","115.98","229.12K","0.66%"
"2023-08-15","115.92","117.50","117.70","115.70","303.89K","-1.64%"
"2023-08-14","117.85","118.00","119.00","117.53","385.63K","-0.14%"
"2023-08-11","118.01","118.76","118.76","117.18","280.29K","-0.78%"
"2023-08-10","118.94","117.59","118.94","117.37","473.93K","1.35%"
"2023-08-09","117.36","116.55","117.67","116.46","253.23K","0.62%"
"2023-08-08","116.64","115.91","116.81","115.46","353.72K","0.64%"
"2023-08-04","115.90","115.37","116.42","115.24","345.83K","0.39%"
"2023-08-03","115.45","115.69","116.64","115.03","486.48K","-1.10%"
"2023-08-02","116.73","116.00","116.87","115.90","380.12K","0.51%"
"2023-08-01","116.14","117.08","117.17","115.18","278.22K","-0.74%"
"2023-07-31","117.00","116.73","117.16","116.02","441.70K","0.21%"
"2023-07-28","116.75","116.76","118.16","116.73","276.93K","0.05%"
"2023-07-27","116.69","117.27","118.20","116.36","392.04K","-0.11%"
"2023-07-26","116.82","119.39","119.39","116.60","397.48K","-2.23%"
"2023-07-25","119.48","119.24","120.01","118.15","405.10K","-0.93%"
"2023-07-24","120.60","120.24","120.84","120.07","112.58K","0.20%"
"2023-07-21","120.36","119.73","120.48","119.32","197.16K","0.85%"
"2023-07-20","119.34","118.50","119.63","118.39","153.75K","0.58%"
"2023-07-19","118.65","119.00","119.17","118.20","175.99K","-0.29%"
"2023-07-18","119.00","120.29","120.48","118.50","487.95K","-1.06%"
"2023-07-17","120.28","119.37","120.81","118.85","351.63K","0.48%"
"2023-07-14","119.70","117.57","119.86","117.25","306.96K","2.15%"
"2023-07-13","117.18","116.47","117.62","116.00","232.52K","0.64%"
"2023-07-12","116.44","117.31","117.74","116.16","437.05K","-0.48%"
"2023-07-11","117.00","118.76","119.04","116.54","393.42K","-1.49%"
"2023-07-10","118.77","118.70","119.40","118.15","341.64K","0.09%"
"2023-07-07","118.66","119.30","120.26","118.40","324.64K","-1.01%"
"2023-07-06","119.87","119.87","120.66","119.08","309.32K","-0.51%"
"2023-07-05","120.49","120.49","121.59","119.72","271.76K","-0.03%"
"2023-07-04","120.53","121.27","121.27","120.13","157.52K","-0.62%"
"2023-06-30","121.28","119.23","121.70","119.23","398.14K","1.71%"
"2023-06-29","119.24","119.32","119.45","118.58","218.58K","0.08%"
"2023-06-28","119.14","118.55","119.72","117.52","355.63K","0.55%"
"2023-06-27","118.49","118.25","119.13","117.79","287.35K","0.13%"
"2023-06-26","118.34","116.36","118.56","116.36","491.30K","1.68%"
"2023-06-23","116.39","116.00","117.10","115.00","322.17K","0.39%"
"2023-06-22","115.94","114.84","116.13","114.80","280.88K","1.02%"
"2023-06-21","114.77","115.61","116.34","114.75","239.67K","-0.90%"
"2023-06-20","115.81","115.51","116.83","115.40","506.62K","0.03%"
"2023-06-19","115.78","115.67","116.27","115.28","130.74K","0.49%"
"2023-06-16","115.22","116.30","117.07","115.12","1.13M","-1.18%"
"2023-06-15","116.60","117.08","118.18","116.52","331.02K","-0.36%"
"2023-06-14","117.02","116.73","117.62","116.56","248.64K","-0.16%"
"2023-06-13","117.21","116.14","117.54","116.14","510.46K","0.56%"
"2023-06-12","116.56","116.17","117.27","116.05","491.50K","0.09%"
"2023-06-09","116.46","115.12","116.88","115.12","614.85K","0.90%"
"2023-06-08","115.42","115.34","116.35","115.08","278.07K","-0.03%"
"2023-06-07","115.46","117.16","117.39","115.08","355.58K","-1.46%"
"2023-06-06","117.17","117.38","117.72","116.38","356.63K","-0.03%"
"2023-06-05","117.20","117.90","119.36","117.13","1.56M","-1.09%"
"2023-06-02","118.49","117.53","118.74","116.39","447.02K","0.58%"
"2023-06-01","117.81","118.38","118.42","116.76","432.45K","-0.74%"
"2023-05-31","118.69","119.31","121.08","118.44","1.11M","-0.75%"
"2023-05-30","119.59","119.68","120.28","119.00","489.73K","-0.22%"
"2023-05-29","119.85","120.52","120.55","119.61","142.24K","-0.83%"
"2023-05-26","120.85","119.98","121.32","119.84","349.84K","0.94%"
"2023-05-25","119.72","120.14","120.64","119.03","348.89K","-0.80%"
"2023-05-24","120.68","119.15","120.77","118.51","333.92K","1.11%"
"2023-05-23","119.36","122.25","122.58","119.28","757.30K","-2.94%"
"2023-05-19","122.98","121.73","123.22","121.71","385.19K","1.16%"
"2023-05-18","121.57","120.64","121.63","119.81","502.24K","0.77%"
"2023-05-17","120.64","120.97","121.01","119.90","337.99K","-0.49%"
"2023-05-16","121.24","122.22","122.72","121.01","608.48K","-1.05%"
"2023-05-15","122.53","123.65","123.80","122.02","317.68K","-0.75%"
"2023-05-12","123.45","123.29","124.90","123.24","229.80K","-0.01%"
"2023-05-11","123.46","123.77","124.14","122.75","358.06K","-0.11%"
"2023-05-10","123.59","123.65","124.43","122.51","578.64K","-0.48%"
"2023-05-09","124.18","123.98","124.88","123.59","297.12K","0.68%"
"2023-05-08","123.34","122.15","123.82","121.52","403.92K","0.82%"
"2023-05-05","122.34","122.00","123.71","121.96","632.30K","0.26%"
"2023-05-04","122.02","124.50","124.96","121.47","615.92K","-2.09%"
"2023-05-03","124.63","127.75","127.75","123.57","589.27K","-3.13%"
"2023-05-02","128.66","128.13","129.25","127.68","457.06K","0.12%"
"2023-05-01","128.50","127.71","128.88","127.27","243.99K","0.84%"
"2023-04-28","127.43","127.46","128.23","126.88","315.54K","-0.36%"
"2023-04-27","127.89","127.14","128.49","126.50","392.20K","0.31%"
"2023-04-26","127.50","125.28","127.63","125.28","980.63K","1.41%"
"2023-04-25","125.73","125.76","127.39","125.19","367.80K","-0.01%"
"2023-04-24","125.74","124.55","126.29","124.01","283.07K","0.66%"
"2023-04-21","124.91","122.91","125.38","122.91","439.84K","1.62%"
"2023-04-20","122.92","122.21","124.33","122.21","401.72K","-0.13%"
"2023-04-19","123.08","122.72","124.20","122.72","301.73K","0.24%"
"2023-04-18","122.79","124.14","125.58","122.52","471.71K","-1.09%"
"2023-04-17","124.14","126.16","126.22","123.82","444.22K","-1.60%"
"2023-04-14","126.16","125.35","126.54","124.44","263.23K","0.82%"
"2023-04-13","125.13","125.99","126.39","124.69","368.63K","-0.68%"
"2023-04-12","125.99","126.84","127.05","125.75","195.98K","-0.55%"
"2023-04-11","126.69","125.57","126.99","125.21","251.90K","0.80%"
"2023-04-10","125.68","126.10","126.60","125.19","276.82K","-0.25%"
"2023-04-06","126.00","125.97","126.46","125.21","468.03K","0.07%"
"2023-04-05","125.91","125.85","127.19","125.54","515.10K","0.10%"
"2023-04-04","125.78","124.29","125.94","124.28","395.90K","1.57%"
"2023-04-03","123.83","122.80","124.20","122.55","258.02K","0.54%"
"2023-03-31","123.17","122.92","124.23","122.22","356.80K","0.39%"
"2023-03-30","122.69","121.61","123.00","121.30","326.69K","1.21%"
"2023-03-29","121.22","120.01","122.00","119.95","519.32K","1.05%"
"2023-03-28","119.96","118.71","120.52","118.22","290.43K","1.04%"
"2023-03-27","118.72","116.48","118.84","116.42","334.76K","2.09%"
"2023-03-24","116.29","115.59","116.85","115.48","317.68K","0.95%"
"2023-03-23","115.20","114.25","115.85","113.22","450.31K","0.51%"
"2023-03-22","114.61","114.34","115.51","114.26","259.98K","0.34%"
"2023-03-21","114.22","116.56","117.13","113.92","533.58K","-1.86%"
"2023-03-20","116.39","116.04","117.10","115.16","352.40K","0.28%"
"2023-03-17","116.06","114.22","116.33","113.94","951.99K","0.22%"
"2023-03-16","115.80","116.51","116.82","115.26","390.63K","-0.73%"
"2023-03-15","116.65","113.95","116.74","112.11","536.62K","2.17%"
"2023-03-14","114.17","114.44","114.94","113.20","593.11K","-0.37%"
"2023-03-13","114.59","115.00","115.88","113.74","371.14K","-0.86%"
"2023-03-10","115.58","117.00","117.52","115.00","428.81K","-1.10%"
"2023-03-09","116.86","117.68","118.89","116.64","329.43K","-0.70%"
"2023-03-08","117.68","117.54","118.85","117.38","488.50K","0.19%"
"2023-03-07","117.46","117.58","118.09","117.13","252.97K","-0.10%"
"2023-03-06","117.58","116.77","118.42","116.54","286.92K","0.67%"
"2023-03-03","116.80","115.75","116.92","115.60","658.90K","1.16%"
"2023-03-02","115.46","116.79","117.11","115.05","483.40K","-1.51%"
"2023-03-01","117.23","116.15","118.96","116.04","725.11K","0.53%"
"2023-02-28","116.61","116.40","117.08","115.67","1.10M","-0.41%"
"2023-02-27","117.09","119.33","119.80","116.82","642.26K","-2.12%"
"2023-02-24","119.63","117.99","119.80","117.01","394.59K","1.00%"
"2023-02-23","118.44","119.00","120.81","117.54","600.88K","1.78%"
"2023-02-22","116.37","116.55","117.44","116.14","518.82K","-0.44%"
"2023-02-21","116.88","118.17","119.01","116.60","392.84K","-1.69%"
"2023-02-17","118.89","118.36","119.24","117.69","278.06K","0.39%"
"2023-02-16","118.43","118.26","118.64","117.57","168.65K","-0.15%"
"2023-02-15","118.61","116.90","119.09","116.89","440.38K","1.04%"
"2023-02-14","117.39","118.01","118.14","116.82","337.41K","-0.78%"
"2023-02-13","118.31","117.21","119.15","117.01","382.60K","1.02%"
"2023-02-10","117.11","117.13","118.17","116.76","348.59K","-0.28%"
"2023-02-09","117.44","116.71","118.36","116.58","626.18K","0.64%"
"2023-02-08","116.69","114.04","117.02","114.01","397.65K","2.23%"
"2023-02-07","114.14","116.87","116.87","113.99","411.64K","-1.95%"
"2023-02-06","116.41","115.00","116.56","114.53","309.56K","1.02%"
"2023-02-03","115.24","115.05","115.46","114.55","403.71K","0.28%"
"2023-02-02","114.92","115.32","115.71","114.05","749.86K","-0.49%"
"2023-02-01","115.49","119.28","119.98","115.14","666.86K","-3.11%"
"2023-01-31","119.20","118.65","120.03","118.49","691.05K","0.00%"
"2023-01-30","119.20","120.92","121.81","118.79","685.56K","-1.48%"
"2023-01-27","120.99","119.98","121.63","119.98","733.65K","0.95%"
"2023-01-26","119.85","119.85","120.62","119.00","436.03K","-0.39%"
"2023-01-25","120.32","119.38","120.81","118.95","387.71K","0.78%"
"2023-01-24","119.39","118.57","120.33","118.25","310.56K","0.69%"
"2023-01-23","118.57","118.15","118.66","117.11","291.10K","0.35%"
"2023-01-20","118.16","117.79","118.96","117.39","379.49K","0.36%"
"2023-01-19","117.74","117.30","119.37","117.29","473.56K","0.35%"
"2023-01-18","117.33","117.79","119.22","116.30","448.84K","-0.79%"
"2023-01-17","118.26","118.42","119.21","118.18","540.34K","0.14%"
"2023-01-16","118.09","115.53","118.61","115.30","214.38K","1.96%"
"2023-01-13","115.82","116.47","116.63","115.39","696.21K","-0.26%"
"2023-01-12","116.12","117.95","118.18","115.89","653.32K","-1.38%"
"2023-01-11","117.75","118.80","119.46","117.30","546.25K","-1.13%"
"2023-01-10","119.09","120.36","120.59","118.53","283.67K","-0.81%"
"2023-01-09","120.06","119.94","121.72","119.42","317.92K","-0.12%"
"2023-01-06","120.21","118.41","121.23","118.41","594.42K","1.56%"
"2023-01-05","118.36","119.33","119.76","118.03","376.65K","-0.95%"
"2023-01-04","119.50","120.64","120.97","119.10","271.50K","-0.69%"
"2023-01-03","120.33","120.45","121.53","120.11","282.93K","0.51%"
"2022-12-30","119.72","119.99","121.34","119.26","361.56K","-0.42%"
"2022-12-29","120.22","122.06","122.60","120.01","194.43K","-1.35%"
"2022-12-28","121.87","122.66","123.40","121.34","191.37K","-1.45%"
"2022-12-23","123.66","122.23","123.72","121.52","271.04K","1.17%"
"2022-12-22","122.23","122.15","122.50","121.41","218.10K","-0.31%"
"2022-12-21","122.61","122.69","123.82","122.09","226.51K","0.10%"
"2022-12-20","122.49","123.01","123.55","121.35","585.68K","-0.26%"
"2022-12-19","122.81","122.14","124.46","122.03","873.45K","0.55%"
"2022-12-16","122.14","120.91","122.56","120.73","1.13M","0.52%"
"2022-12-15","121.51","123.09","123.33","121.13","468.34K","-1.55%"
"2022-12-14","123.42","123.98","125.49","123.10","451.79K","-0.44%"
"2022-12-13","123.96","124.99","125.64","123.86","522.19K","-0.23%"
"2022-12-12","124.24","125.56","126.04","124.08","465.22K","-1.04%"
"2022-12-09","125.55","124.91","126.29","124.04","569.97K","0.60%"
"2022-12-08","124.80","122.09","125.38","121.97","454.91K","2.14%"
"2022-12-07","122.19","120.82","122.81","120.66","525.80K","0.94%"
"2022-12-06","121.05","122.01","122.78","120.40","332.08K","-0.84%"
"2022-12-05","122.07","121.61","123.57","121.56","611.58K","-0.17%"
"2022-12-02","122.28","121.00","122.83","120.43","741.93K","0.62%"
"2022-12-01","121.53","121.29","122.56","120.61","519.64K","0.11%"
"2022-11-30","121.40","121.47","122.93","120.68","1.59M","0.12%"
"2022-11-29","121.26","121.42","122.27","120.42","622.14K","-0.05%"
"2022-11-28","121.32","117.78","121.55","117.78","730.09K","3.03%"
"2022-11-25","117.75","116.73","117.80","116.51","219.91K","0.62%"
"2022-11-24","117.02","117.13","118.00","116.40","164.01K","-0.09%"
"2022-11-23","117.12","114.89","117.40","114.45","460.71K","1.91%"
"2022-11-22","114.92","113.73","115.16","113.12","475.87K","1.36%"
"2022-11-21","113.38","111.30","113.53","110.82","397.67K","2.20%"
"2022-11-18","110.94","110.80","111.46","110.00","548.19K","0.33%"
"2022-11-17","110.57","109.10","111.34","108.92","642.78K","0.74%"
"2022-11-16","109.76","110.30","111.22","109.23","784.16K","2.34%"
"2022-11-15","107.25","108.28","108.46","105.57","582.16K","-0.62%"
"2022-11-14","107.92","109.93","110.81","107.71","834.94K","-1.69%"
"2022-11-11","109.78","112.23","112.73","109.50","518.02K","-1.89%"
"2022-11-10","111.90","114.97","114.97","111.85","654.05K","-0.86%"
"2022-11-09","112.87","114.18","115.10","112.83","431.50K","-0.76%"
"2022-11-08","113.74","112.85","114.24","112.63","279.64K","0.99%"
"2022-11-07","112.62","112.49","114.01","112.45","352.48K","0.23%"
"2022-11-04","112.36","110.88","112.69","110.71","255.34K","1.49%"
"2022-11-03","110.71","111.95","111.95","110.56","205.21K","-1.20%"
"2022-11-02","112.06","112.16","113.19","112.00","257.69K","-0.09%"
"2022-11-01","112.16","112.76","113.00","111.92","322.46K","0.48%"
"2022-10-31","111.62","113.86","113.99","111.36","466.61K","-2.01%"
"2022-10-28","113.91","112.17","114.05","112.17","375.92K","1.35%"
"2022-10-27","112.39","113.53","113.53","112.05","337.65K","-0.92%"
"2022-10-26","113.43","111.35","114.46","111.25","385.73K","1.86%"
"2022-10-25","111.36","111.08","112.67","110.59","384.55K","0.34%"
"2022-10-24","110.98","111.09","112.01","110.42","258.52K","-0.13%"
"2022-10-21","111.12","109.01","111.85","108.82","263.87K","1.56%"
"2022-10-20","109.41","108.80","110.30","108.15","304.71K","0.34%"
"2022-10-19","109.04","110.34","110.54","108.06","268.91K","-1.05%"
"2022-10-18","110.20","110.90","110.90","109.18","268.89K","0.42%"
"2022-10-17","109.74","110.09","110.62","109.32","228.07K","0.43%"
"2022-10-14","109.27","110.20","111.13","109.17","342.59K","0.05%"
"2022-10-13","109.21","107.91","110.22","105.61","333.88K","0.67%"
"2022-10-12","108.48","107.89","109.83","107.47","361.73K","1.02%"
"2022-10-11","107.38","108.00","108.88","106.87","393.07K","-0.27%"
"2022-10-07","107.67","106.14","108.96","105.97","710.14K","0.93%"
"2022-10-06","106.68","111.27","111.32","106.48","433.83K","-4.34%"
"2022-10-05","111.52","112.17","112.73","111.36","252.21K","-0.97%"
"2022-10-04","112.61","112.52","113.77","111.09","343.80K","0.54%"
"2022-10-03","112.01","109.97","113.28","109.50","323.05K","2.40%"
"2022-09-30","109.38","111.35","111.43","109.32","370.95K","-1.70%"
"2022-09-29","111.27","111.32","111.74","110.26","314.63K","-0.04%"
"2022-09-28","111.32","112.63","112.63","110.92","446.55K","-1.18%"
"2022-09-27","112.65","112.96","113.87","112.46","329.27K","0.10%"
"2022-09-26","112.54","111.75","113.34","111.45","468.59K","0.50%"
"2022-09-23","111.98","111.93","113.92","111.39","555.57K","-0.51%"
"2022-09-22","112.55","111.05","112.97","111.05","606.86K","1.28%"
"2022-09-21","111.13","113.08","113.51","111.13","393.09K","-1.53%"
"2022-09-20","112.86","114.09","114.18","111.14","638.30K","-1.10%"
"2022-09-19","114.11","113.53","114.31","113.00","435.23K","0.27%"
"2022-09-16","113.80","112.34","113.99","111.89","1.83M","0.90%"
"2022-09-15","112.79","114.50","114.78","112.35","464.45K","-1.70%"
"2022-09-14","114.74","115.67","115.81","114.53","374.51K","-1.21%"
"2022-09-13","116.14","117.63","119.75","115.74","335.86K","-1.66%"
"2022-09-12","118.10","117.46","118.86","117.08","558.45K","0.54%"
"2022-09-09","117.46","114.76","117.58","114.61","377.84K","2.70%"
"2022-09-08","114.37","115.62","116.01","114.24","342.53K","-0.93%"
"2022-09-07","115.44","116.20","116.53","115.35","357.44K","-0.35%"
"2022-09-06","115.84","116.67","118.34","115.69","450.00K","-1.27%"
"2022-09-02","117.33","117.38","118.81","116.47","427.03K","0.16%"
"2022-09-01","117.14","116.15","117.60","115.94","370.96K","0.92%"
"2022-08-31","116.07","116.00","118.19","115.96","774.27K","-0.34%"
"2022-08-30","116.47","116.71","117.53","116.20","291.35K","0.01%"
"2022-08-29","116.46","116.66","118.07","116.20","254.94K","-0.72%"
"2022-08-26","117.31","118.72","119.20","117.23","490.17K","-1.29%"
"2022-08-25","118.84","119.78","119.78","117.93","321.75K","-0.70%"
"2022-08-24","119.68","121.79","122.08","119.41","538.67K","-1.87%"
"2022-08-23","121.96","123.56","123.91","121.76","380.85K","-1.61%"
"2022-08-22","123.95","122.94","124.10","122.50","402.35K","0.29%"
"2022-08-19","123.59","122.78","123.89","122.05","477.06K","0.48%"
"2022-08-18","123.00","124.00","124.59","122.84","469.16K","-0.97%"
"2022-08-17","124.20","122.02","124.77","121.95","579.23K","1.49%"
"2022-08-16","122.38","119.95","122.47","119.77","700.28K","1.81%"
"2022-08-15","120.21","118.00","120.80","117.54","437.38K","1.88%"
"2022-08-12","117.99","118.17","118.97","117.89","422.64K","-0.18%"
"2022-08-11","118.20","116.21","118.67","115.97","395.80K","1.69%"
"2022-08-10","116.23","115.04","117.09","114.90","434.10K","1.12%"
"2022-08-09","114.94","115.77","116.41","114.74","583.28K","-0.54%"
"2022-08-08","115.56","116.41","117.35","115.03","440.28K","-0.82%"
"2022-08-05","116.52","117.98","118.74","115.97","326.81K","-1.58%"
"2022-08-04","118.39","116.01","118.55","115.28","529.15K","1.93%"
"2022-08-03","116.15","116.36","116.98","115.33","254.02K","-0.27%"
"2022-08-02","116.47","115.57","117.86","115.57","488.84K","-0.09%"
"2022-07-29","116.57","119.67","120.17","116.05","717.14K","-2.60%"
"2022-07-28","119.68","117.97","119.83","116.43","478.14K","2.21%"
"2022-07-27","117.09","120.37","122.30","116.35","831.02K","-3.77%"
"2022-07-26","121.68","118.97","121.80","118.26","230.37K","1.88%"
"2022-07-25","119.43","119.32","120.00","118.64","202.13K","0.04%"
"2022-07-22","119.38","118.62","120.04","118.41","253.97K","0.64%"
"2022-07-21","118.62","118.22","119.07","117.86","347.30K","-0.04%"
"2022-07-20","118.67","118.25","119.09","117.94","326.93K","0.29%"
"2022-07-19","118.33","118.60","120.00","117.88","331.36K","-0.08%"
"2022-07-18","118.43","119.52","120.01","118.25","440.49K","-0.81%"
"2022-07-15","119.40","120.67","121.12","119.34","425.71K","-0.65%"
"2022-07-14","120.18","121.23","123.18","120.10","522.39K","-1.27%"
"2022-07-13","121.73","116.79","122.25","116.39","619.03K","3.71%"
"2022-07-12","117.37","118.64","119.40","116.84","352.39K","-1.07%"
"2022-07-11","118.64","118.99","120.23","118.08","303.34K","-0.39%"
"2022-07-08","119.11","118.20","120.60","118.12","425.38K","0.19%"
"2022-07-07","118.89","115.60","118.98","115.38","668.90K","2.85%"
"2022-07-06","115.60","118.56","120.04","115.31","571.78K","-2.58%"
"2022-07-05","118.66","116.83","118.66","115.33","658.43K","1.70%"
"2022-07-04","116.68","116.06","117.57","115.91","205.33K","0.51%"
"2022-06-30","116.09","115.53","116.28","114.55","651.59K","-0.43%"
"2022-06-29","116.59","113.97","116.64","113.08","391.60K","2.26%"
"2022-06-28","114.01","114.72","115.58","113.86","398.15K","-0.35%"
"2022-06-27","114.41","114.78","115.15","113.40","510.16K","-0.26%"
"2022-06-24","114.71","112.75","114.85","112.55","400.03K","2.14%"
"2022-06-23","112.31","111.88","113.14","110.52","387.99K","0.88%"
"2022-06-22","111.33","111.38","112.22","109.60","441.30K","-0.30%"
"2022-06-21","111.67","111.36","112.86","110.05","477.66K","0.39%"
"2022-06-20","111.24","110.16","111.43","109.83","138.99K","1.37%"
"2022-06-17","109.74","111.09","111.71","109.59","1.33M","-0.80%"
"2022-06-16","110.63","112.10","112.77","110.26","401.41K","-1.71%"
"2022-06-15","112.56","112.52","113.51","111.61","396.69K","0.04%"
"2022-06-14","112.52","112.43","112.69","111.70","634.11K","-0.44%"
"2022-06-13","113.02","113.68","114.55","112.72","808.54K","-1.66%"
"2022-06-10","114.93","114.19","115.49","113.19","698.96K","0.52%"
"2022-06-09","114.34","114.64","115.96","114.09","376.01K","-0.06%"
"2022-06-08","114.41","115.12","115.79","114.17","505.68K","-0.72%"
"2022-06-07","115.24","116.77","116.93","114.25","535.37K","-1.48%"
"2022-06-06","116.97","117.65","119.25","116.87","513.85K","-0.56%"
"2022-06-03","117.63","115.51","118.35","114.63","678.02K","1.69%"
"2022-06-02","115.68","113.41","116.08","113.40","478.37K","2.08%"
"2022-06-01","113.32","117.08","117.08","113.26","604.10K","-2.89%"
"2022-05-31","116.69","116.01","117.84","115.12","1.97M","0.40%"
"2022-05-30","116.23","116.28","116.59","115.78","112.69K","0.14%"
"2022-05-27","116.07","115.27","116.55","114.02","558.38K","1.12%"
"2022-05-26","114.79","113.88","115.59","112.83","672.89K","1.11%"
"2022-05-25","113.53","113.71","114.72","112.34","565.05K","0.20%"
"2022-05-24","113.30","111.71","114.73","110.22","999.33K","1.91%"
"2022-05-20","111.18","109.55","111.18","108.88","660.59K","1.27%"
"2022-05-19","109.79","110.00","110.97","108.68","1.14M","-1.03%"
"2022-05-18","110.93","112.56","113.23","110.29","906.99K","-2.07%"
"2022-05-17","113.27","115.00","115.00","112.71","493.84K","-1.41%"
"2022-05-16","114.89","114.20","116.14","113.15","536.45K","0.52%"
"2022-05-13","114.29","113.92","114.72","112.47","971.19K","0.60%"
"2022-05-12","113.61","111.08","113.83","111.08","961.47K","2.08%"
"2022-05-11","111.29","115.12","115.54","110.95","906.37K","-3.64%"
"2022-05-10","115.49","115.85","116.82","115.36","807.68K","-0.59%"
"2022-05-09","116.18","111.12","117.71","110.35","893.64K","3.95%"
"2022-05-06","111.76","111.70","114.07","111.48","754.08K","-0.44%"
"2022-05-05","112.25","113.00","114.17","111.83","1.58M","-0.37%"
"2022-05-04","112.67","114.12","115.29","110.82","762.91K","-1.18%"
"2022-05-03","114.02","116.41","117.58","113.95","568.36K","-2.11%"
"2022-05-02","116.48","117.57","118.07","116.36","412.67K","-0.88%"
"2022-04-29","117.51","118.19","119.01","117.39","423.34K","-0.66%"
"2022-04-28","118.29","118.83","119.58","118.03","684.24K","0.19%"
"2022-04-27","118.06","116.11","118.33","115.38","586.83K","1.72%"
"2022-04-26","116.06","117.17","117.61","115.70","653.90K","-0.93%"
"2022-04-25","117.15","116.31","117.70","115.23","530.73K","0.58%"
"2022-04-22","116.48","116.68","117.43","115.39","621.23K","0.11%"
"2022-04-21","116.35","117.05","117.41","116.13","615.38K","-0.62%"
"2022-04-20","117.07","118.56","119.35","116.78","439.30K","-1.14%"
"2022-04-19","118.42","115.23","118.76","114.95","502.47K","3.41%"
"2022-04-18","114.52","115.27","115.83","114.00","237.71K","-0.81%"
"2022-04-14","115.46","115.71","116.97","115.35","340.96K","-0.47%"
"2022-04-13","116.01","118.20","118.94","115.56","378.99K","-1.78%"
"2022-04-12","118.11","118.74","119.01","117.52","474.75K","-0.28%"
"2022-04-11","118.44","117.59","119.22","117.00","351.73K","0.59%"
"2022-04-08","117.74","117.00","118.70","116.78","347.54K","0.44%"
"2022-04-07","117.23","115.33","117.30","115.00","330.12K","1.59%"
"2022-04-06","115.40","114.54","115.62","113.58","461.42K","0.16%"
"2022-04-05","115.22","111.99","115.39","111.63","535.67K","3.06%"
"2022-04-04","111.80","110.79","111.84","110.63","269.28K","0.83%"
"2022-04-01","110.88","112.01","112.77","110.23","422.10K","-1.16%"
"2022-03-31","112.18","111.26","113.27","111.26","696.87K","0.92%"
"2022-03-30","111.16","110.67","111.95","110.21","497.28K","0.05%"
"2022-03-29","111.10","110.96","111.62","110.14","367.10K","0.36%"
"2022-03-28","110.70","109.28","110.93","108.49","351.48K","1.12%"
"2022-03-25","109.47","110.03","110.10","108.65","276.24K","-0.05%"
"2022-03-24","109.52","110.39","110.56","108.98","555.16K","-0.83%"
"2022-03-23","110.44","110.11","112.22","109.66","716.20K","0.32%"
"2022-03-22","110.09","110.50","111.32","109.89","429.22K","-0.59%"
"2022-03-21","110.74","111.22","111.75","110.12","355.39K","-0.38%"
"2022-03-18","111.16","113.00","113.59","110.65","2.48M","-2.51%"
"2022-03-17","114.02","114.00","114.81","113.06","651.74K","0.20%"
"2022-03-16","113.79","112.78","115.20","112.78","1.01M","0.43%"
"2022-03-15","113.30","114.59","114.59","111.02","1.05M","-1.08%"
"2022-03-14","114.54","113.64","115.54","113.50","795.63K","-0.18%"
"2022-03-11","114.75","115.10","116.88","113.98","819.38K","-0.10%"
"2022-03-10","114.87","111.54","115.58","111.20","984.96K","1.93%"
"2022-03-09","112.69","113.01","113.48","111.00","975.04K","0.54%"
"2022-03-08","112.08","110.50","112.97","110.02","1.42M","1.20%"
"2022-03-07","110.75","105.41","110.87","105.41","1.23M","4.46%"
"2022-03-04","106.02","101.01","106.24","101.01","601.44K","3.74%"
"2022-03-03","102.20","99.58","102.65","99.58","556.80K","2.72%"
"2022-03-02","99.49","98.13","99.65","98.01","439.05K","1.50%"
"2022-03-01","98.02","98.84","99.64","97.65","497.22K","-0.86%"
"2022-02-28","98.87","99.92","100.63","98.45","1.08M","-2.06%"
"2022-02-25","100.95","99.57","101.43","97.37","810.31K","-0.11%"
"2022-02-24","101.06","95.12","101.49","95.01","694.49K","3.92%"
"2022-02-23","97.25","97.67","98.20","97.11","297.10K","-0.61%"
"2022-02-22","97.85","97.50","98.36","97.09","453.86K","-0.33%"
"2022-02-18","98.17","99.11","99.39","98.11","460.24K","-0.66%"
"2022-02-17","98.82","99.01","99.93","98.50","332.21K","-0.27%"
"2022-02-16","99.09","99.40","100.01","98.69","406.52K","-0.89%"
"2022-02-15","99.98","101.05","101.75","99.72","475.05K","-0.76%"
"2022-02-14","100.75","101.04","101.45","100.06","302.59K","-0.75%"
"2022-02-11","101.51","100.99","101.72","100.50","327.22K","0.88%"
"2022-02-10","100.62","100.86","101.83","100.57","409.90K","-1.26%"
"2022-02-09","101.90","101.64","102.37","101.64","200.24K","0.45%"
"2022-02-08","101.44","100.86","101.90","100.16","455.82K","0.94%"
"2022-02-07","100.50","100.80","101.62","100.21","310.95K","-0.79%"
"2022-02-04","101.30","101.25","101.97","100.57","322.47K","0.05%"
"2022-02-03","101.25","100.77","102.04","100.00","352.39K","0.22%"
"2022-02-02","101.03","97.75","101.56","97.75","524.31K","3.51%"
"2022-02-01","97.60","98.67","98.74","96.96","408.25K","-0.48%"
"2022-01-31","98.07","97.43","99.20","97.43","482.05K","0.03%"
"2022-01-28","98.04","98.10","98.10","97.17","381.81K","0.32%"
"2022-01-27","97.73","96.36","98.53","96.07","747.51K","2.12%"
"2022-01-26","95.70","94.17","96.27","93.60","695.87K","1.96%"
"2022-01-25","93.86","92.46","94.27","92.10","602.33K","0.60%"
"2022-01-24","93.30","92.00","93.51","90.46","790.28K","0.91%"
"2022-01-21","92.46","93.12","94.00","92.34","511.56K","-0.99%"
"2022-01-20","93.38","95.73","96.12","93.15","784.33K","-2.50%"
"2022-01-19","95.77","96.57","96.91","95.15","507.13K","-0.94%"
"2022-01-18","96.68","98.00","98.22","95.98","866.47K","-2.40%"
"2022-01-17","99.06","99.00","99.52","98.86","160.16K","-0.14%"
"2022-01-14","99.20","100.25","100.86","99.04","463.75K","-1.29%"
"2022-01-13","100.50","101.09","101.34","100.31","346.27K","-0.62%"
"2022-01-12","101.13","101.02","102.04","100.84","378.63K","-0.05%"
"2022-01-11","101.18","101.41","101.50","99.66","492.13K","-0.40%"
"2022-01-10","101.59","101.12","101.66","100.67","387.77K","-0.54%"
"2022-01-07","102.14","103.34","103.54","101.94","246.17K","-1.08%"
"2022-01-06","103.25","102.00","103.65","101.89","269.14K","1.21%"
"2022-01-05","102.02","102.51","103.40","101.83","453.28K","-0.69%"
"2022-01-04","102.73","103.35","103.95","102.47","342.64K","-0.88%"
"2021-12-31","103.64","103.65","103.95","103.06","178.73K","-0.13%"
"2021-12-30","103.78","104.44","104.82","103.66","126.05K","-0.61%"
"2021-12-29","104.42","103.60","105.15","103.60","349.17K","0.81%"
"2021-12-24","103.58","103.48","103.82","103.15","112.65K","0.39%"
"2021-12-23","103.18","103.46","103.92","103.08","466.70K","-0.55%"
"2021-12-22","103.75","103.14","103.79","102.67","320.52K","0.41%"
"2021-12-21","103.33","103.14","104.18","102.80","395.39K","0.33%"
"2021-12-20","102.99","103.41","104.25","102.83","529.14K","-0.53%"
"2021-12-17","103.54","102.96","104.85","102.57","1.34M","0.56%"
"2021-12-16","102.96","102.37","104.07","102.27","542.19K","0.42%"
"2021-12-15","102.53","101.00","103.15","100.70","833.32K","1.66%"
"2021-12-14","100.86","99.02","101.03","98.97","449.47K","0.81%"
"2021-12-13","100.05","98.75","100.78","98.62","745.15K","0.85%"
"2021-12-10","99.21","98.63","99.77","98.42","563.50K","0.75%"
"2021-12-09","98.47","97.15","98.87","97.14","606.73K","1.46%"
"2021-12-08","97.05","97.70","97.92","96.57","677.45K","-1.01%"
"2021-12-07","98.04","98.33","98.75","97.79","421.64K","-0.20%"
"2021-12-06","98.24","97.52","98.64","97.39","257.72K","0.87%"
"2021-12-03","97.39","97.65","98.33","96.91","274.50K","-0.41%"
"2021-12-02","97.79","95.53","98.57","95.28","547.36K","2.31%"
"2021-12-01","95.58","96.57","97.05","95.47","361.53K","-0.75%"
"2021-11-30","96.30","97.70","97.70","95.58","1.30M","-0.58%"
"2021-11-29","96.86","96.66","97.86","96.52","738.09K","0.44%"
"2021-11-26","96.44","97.20","98.10","96.40","762.69K","-0.91%"
"2021-11-25","97.33","96.41","97.85","96.41","427.89K","0.95%"
"2021-11-24","96.41","97.56","97.72","96.31","817.64K","-1.21%"
"2021-11-23","97.59","95.44","97.70","94.88","853.80K","1.65%"
"2021-11-22","96.01","98.00","98.22","95.80","1.01M","-2.03%"
"2021-11-19","98.00","98.25","98.93","97.83","559.71K","-0.30%"
"2021-11-18","98.29","96.80","98.52","95.79","666.34K","1.25%"
"2021-11-17","97.08","98.69","98.69","96.86","556.65K","-1.24%"
"2021-11-16","98.30","98.30","99.11","98.14","321.94K","-0.06%"
"2021-11-15","98.36","98.29","98.93","98.02","319.63K","0.30%"
"2021-11-12","98.07","98.42","99.34","98.04","256.35K","-0.37%"
"2021-11-11","98.43","97.59","98.51","97.19","242.52K","0.79%"
"2021-11-10","97.66","96.94","97.99","96.66","192.19K","0.70%"
"2021-11-09","96.98","96.31","97.51","96.16","373.76K","1.17%"
"2021-11-08","95.86","95.37","95.98","94.83","321.70K","0.51%"
"2021-11-05","95.37","95.66","95.99","95.16","301.14K","-0.31%"
"2021-11-04","95.67","93.90","95.81","93.90","328.60K","1.81%"
"2021-11-03","93.97","94.88","95.28","93.92","367.53K","-1.01%"
"2021-11-02","94.93","93.28","94.99","93.10","351.94K","1.87%"
"2021-11-01","93.19","93.20","93.59","92.32","251.85K","0.12%"
"2021-10-29","93.08","93.04","93.78","92.95","513.14K","0.06%"
"2021-10-28","93.02","92.88","93.58","92.63","413.89K","0.02%"
"2021-10-27","93.00","94.58","94.89","92.38","510.47K","-1.90%"
"2021-10-26","94.80","95.28","95.49","94.49","500.70K","-0.12%"
"2021-10-25","94.91","94.11","95.44","93.70","491.64K","0.96%"
"2021-10-22","94.01","93.37","94.18","92.99","217.77K","0.74%"
"2021-10-21","93.32","91.60","93.75","91.60","327.17K","1.89%"
"2021-10-20","91.59","91.61","92.57","91.28","356.73K","-0.49%"
"2021-10-19","92.04","93.12","93.26","91.60","346.17K","-1.10%"
"2021-10-18","93.06","92.00","93.39","91.03","305.68K","0.98%"
"2021-10-15","92.16","91.07","92.18","90.80","308.93K","0.95%"
"2021-10-14","91.29","92.00","92.00","90.96","361.44K","-0.51%"
"2021-10-13","91.76","90.50","92.00","89.94","1.26M","1.45%"
"2021-10-12","90.45","89.51","90.52","88.72","776.01K","0.54%"
"2021-10-08","89.96","90.83","90.94","89.19","428.90K","-0.87%"
"2021-10-07","90.75","90.58","91.63","90.58","538.34K","0.17%"
"2021-10-06","90.60","89.56","90.74","89.32","1.01M","1.39%"
"2021-10-05","89.36","87.86","89.50","87.14","844.12K","2.00%"
"2021-10-04","87.61","86.20","87.86","86.00","530.74K","1.34%"
"2021-10-01","86.45","87.28","87.39","85.70","314.08K","-0.54%"
"2021-09-30","86.92","85.87","87.25","85.87","569.34K","1.47%"
"2021-09-29","85.66","84.75","87.47","84.51","598.02K","2.12%"
"2021-09-28","83.88","84.01","84.13","83.32","316.61K","-0.77%"
"2021-09-27","84.53","85.42","85.42","84.29","329.69K","-0.96%"
"2021-09-24","85.35","85.06","85.55","84.83","347.13K","0.18%"
"2021-09-23","85.20","86.06","86.68","85.09","317.26K","-1.11%"
"2021-09-22","86.16","86.38","86.98","85.75","409.59K","-0.25%"
"2021-09-21","86.38","85.62","86.59","85.52","352.13K","1.05%"
"2021-09-20","85.48","84.90","85.90","84.61","368.14K","-0.19%"
"2021-09-17","85.64","87.03","87.66","85.37","1.76M","-2.05%"
"2021-09-16","87.43","87.85","88.04","87.32","280.32K","-0.34%"
"2021-09-15","87.73","87.57","87.99","86.81","466.65K","0.11%"
"2021-09-14","87.63","88.10","88.78","87.55","498.93K","-1.25%"
"2021-09-13","88.74","90.78","91.34","88.61","743.48K","-2.18%"
"2021-09-10","90.72","91.18","91.61","90.49","521.72K","-0.62%"
"2021-09-09","91.29","91.85","92.00","90.17","998.12K","-0.58%"
"2021-09-08","91.82","89.82","92.00","89.73","649.70K","2.26%"
"2021-09-07","89.79","89.74","90.10","89.29","551.35K","-0.02%"
"2021-09-03","89.81","89.60","89.91","89.00","263.27K","0.27%"
"2021-09-02","89.57","89.25","90.21","89.14","343.41K","0.52%"
"2021-09-01","89.11","89.00","89.59","88.80","640.65K","0.25%"
"2021-08-31","88.89","88.80","89.65","88.66","892.76K","-0.01%"
"2021-08-30","88.90","88.03","89.04","87.65","222.75K","0.89%"
"2021-08-27","88.12","88.65","88.97","88.01","379.94K","-0.71%"
"2021-08-26","88.75","88.77","88.97","88.32","322.61K","-0.28%"
"2021-08-25","89.00","88.80","89.05","88.39","298.69K","0.23%"
"2021-08-24","88.80","88.50","89.00","88.18","376.96K","-0.11%"
"2021-08-23","88.90","88.91","89.07","88.18","401.39K","-0.07%"
"2021-08-20","88.96","88.98","89.63","88.65","613.10K","-0.08%"
"2021-08-19","89.03","87.32","89.23","87.28","716.28K","1.44%"
"2021-08-18","87.77","87.36","88.22","86.98","947.36K","0.22%"
"2021-08-17","87.58","87.21","87.79","87.00","674.29K","0.42%"
"2021-08-16","87.21","86.93","87.46","86.76","450.39K","0.38%"
"2021-08-13","86.88","86.60","87.54","86.60","573.19K","-0.09%"
"2021-08-12","86.96","85.94","87.18","85.70","634.35K","1.12%"
"2021-08-11","86.00","86.15","86.26","85.11","565.10K","-0.17%"
"2021-08-10","86.15","85.74","86.56","85.74","476.30K","0.42%"
"2021-08-09","85.79","85.66","86.05","85.60","421.53K","0.00%"
"2021-08-06","85.79","85.33","85.99","85.32","245.55K","0.36%"
"2021-08-05","85.48","86.49","87.14","85.35","311.02K","-1.00%"
"2021-08-04","86.34","86.50","87.15","85.93","489.62K","0.29%"
"2021-08-03","86.09","84.44","86.50","84.44","629.70K","2.00%"
"2021-07-30","84.40","83.95","84.47","83.21","520.86K","0.63%"
"2021-07-29","83.87","82.33","84.27","82.28","655.23K","1.73%"
"2021-07-28","82.44","81.02","82.93","81.02","420.99K","1.02%"
"2021-07-27","81.61","81.34","81.84","80.84","347.48K","0.94%"
"2021-07-26","80.85","80.25","80.88","79.80","241.50K","0.75%"
"2021-07-23","80.25","79.45","80.28","79.19","272.69K","1.21%"
"2021-07-22","79.29","79.16","79.73","78.91","193.04K","0.06%"
"2021-07-21","79.24","80.33","80.33","79.07","334.78K","-1.31%"
"2021-07-20","80.29","80.44","80.88","80.15","365.01K","-0.26%"
"2021-07-19","80.50","80.08","80.72","79.56","538.89K","0.36%"
"2021-07-16","80.21","79.35","80.50","79.35","290.18K","0.97%"
"2021-07-15","79.44","78.48","79.56","78.41","400.95K","1.51%"
"2021-07-14","78.26","78.68","78.88","78.18","289.18K","-0.92%"
"2021-07-13","78.99","78.44","79.03","78.03","340.42K","0.83%"
"2021-07-12","78.34","78.50","78.94","78.07","188.17K","-0.29%"
"2021-07-09","78.57","78.33","78.81","77.79","406.06K","0.23%"
"2021-07-08","78.39","77.10","78.45","76.81","597.46K","1.55%"
"2021-07-07","77.19","76.14","77.24","76.12","396.70K","1.42%"
"2021-07-06","76.11","76.79","77.18","75.67","338.22K","-0.80%"
"2021-07-05","76.72","77.10","77.10","76.53","118.51K","-0.54%"
"2021-07-02","77.14","76.63","77.36","76.55","382.38K","1.11%"
"2021-06-30","76.29","76.33","76.55","75.63","536.47K","0.10%"
"2021-06-29","76.21","76.06","76.50","75.82","259.55K","0.22%"
"2021-06-28","76.04","75.96","76.26","75.57","464.74K","0.25%"
"2021-06-25","75.85","76.11","76.30","75.75","542.70K","-0.58%"
"2021-06-24","76.29","75.84","76.37","75.53","465.72K","0.67%"
"2021-06-23","75.78","75.78","75.91","74.70","692.33K","0.07%"
"2021-06-22","75.73","75.19","75.87","75.11","448.40K","0.73%"
"2021-06-21","75.18","74.83","75.44","74.36","314.51K","0.47%"
"2021-06-18","74.83","75.41","75.44","74.71","1.08M","-1.67%"
"2021-06-17","76.10","75.46","76.33","75.25","505.57K","0.59%"
"2021-06-16","75.65","76.05","76.08","75.40","351.01K","-0.70%"
"2021-06-15","76.18","75.80","76.60","75.61","263.76K","0.25%"
"2021-06-14","75.99","75.51","76.00","75.29","407.38K","-0.01%"
"2021-06-11","76.00","76.11","76.26","75.71","194.71K","-0.13%"
"2021-06-10","76.10","75.69","76.47","75.47","403.26K","0.85%"
"2021-06-09","75.46","75.64","75.74","74.84","554.63K","-0.28%"
"2021-06-08","75.67","75.50","75.85","75.39","347.19K","0.21%"
"2021-06-07","75.51","75.08","75.54","75.08","565.01K","0.29%"
"2021-06-04","75.29","74.91","75.33","74.79","253.65K","0.67%"
"2021-06-03","74.79","74.50","75.47","74.45","548.07K","0.16%"
"2021-06-02","74.67","74.94","75.09","74.33","454.85K","-0.35%"
"2021-06-01","74.93","74.07","75.02","74.06","601.48K","1.57%"
"2021-05-31","73.77","74.36","74.48","73.63","235.32K","-0.77%"
"2021-05-28","74.34","74.23","74.81","74.03","508.33K","0.30%"
"2021-05-27","74.12","75.16","75.55","73.90","1.22M","-1.76%"
"2021-05-26","75.45","74.91","75.69","74.78","808.74K","0.91%"
"2021-05-25","74.77","74.00","75.22","74.00","1.03M","0.81%"
"2021-05-21","74.17","74.36","74.60","73.91","812.31K","-0.47%"
"2021-05-20","74.52","73.93","74.85","73.89","997.09K","0.47%"
"2021-05-19","74.17","72.15","75.00","72.15","1.47M","2.11%"
"2021-05-18","72.64","72.19","72.66","71.95","784.40K","0.41%"
"2021-05-17","72.34","71.91","72.83","71.91","707.21K","0.28%"
"2021-05-14","72.14","71.90","72.44","71.89","685.88K","0.39%"
"2021-05-13","71.86","71.34","72.60","71.26","869.02K","0.53%"
"2021-05-12","71.48","71.18","71.96","71.11","865.73K","0.41%"
"2021-05-11","71.19","71.21","71.82","70.61","784.60K","-0.52%"
"2021-05-10","71.56","70.38","72.00","70.38","804.01K","1.35%"
"2021-05-07","70.61","70.05","70.78","69.99","700.41K","0.77%"
"2021-05-06","70.07","70.09","71.31","69.70","803.43K","0.97%"
"2021-05-05","69.40","68.50","69.72","68.43","374.38K","1.73%"
"2021-05-04","68.22","68.06","68.57","68.05","299.37K","-0.15%"
"2021-05-03","68.32","68.45","68.84","68.28","182.75K","0.10%"
"2021-04-30","68.25","68.22","68.87","67.74","751.36K","0.13%"
"2021-04-29","68.16","68.40","68.92","68.14","462.46K","-0.20%"
"2021-04-28","68.30","68.62","68.95","68.08","444.41K","-0.63%"
"2021-04-27","68.73","69.23","69.24","68.70","501.91K","-1.01%"
"2021-04-26","69.43","69.15","69.55","68.54","224.13K","0.19%"
"2021-04-23","69.30","70.11","70.36","69.22","251.03K","-1.38%"
"2021-04-22","70.27","70.11","70.70","69.86","332.42K","-0.17%"
"2021-04-21","70.39","70.63","71.31","69.91","226.40K","-0.40%"
"2021-04-20","70.67","69.90","70.72","69.89","348.22K","1.04%"
"2021-04-19","69.94","69.81","70.19","69.70","251.00K","0.09%"
"2021-04-16","69.88","70.02","70.25","69.71","273.16K","0.46%"
"2021-04-15","69.56","69.07","69.79","69.05","326.22K","0.71%"
"2021-04-14","69.07","69.51","69.63","68.51","341.86K","-0.73%"
"2021-04-13","69.58","70.49","70.51","69.52","326.19K","-1.29%"
"2021-04-12","70.49","70.16","70.64","69.94","256.90K","0.41%"
"2021-04-09","70.20","70.22","70.48","69.89","360.24K","0.24%"
"2021-04-08","70.03","71.09","71.09","69.69","519.57K","-1.07%"
"2021-04-07","70.79","71.20","71.40","70.75","327.76K","-0.41%"
"2021-04-06","71.08","70.71","71.28","70.17","350.77K","0.61%"
"2021-04-05","70.65","70.36","70.90","70.24","212.12K","0.41%"
"2021-04-01","70.36","70.32","70.55","69.80","474.95K","0.23%"
"2021-03-31","70.20","69.97","70.39","69.78","701.80K","0.00%"
"2021-03-30","70.20","69.87","70.39","69.59","471.05K","0.46%"
"2021-03-29","69.88","68.38","69.97","68.21","790.91K","2.06%"
"2021-03-26","68.47","68.15","69.02","67.89","499.61K","-0.04%"
"2021-03-25","68.50","69.07","69.45","68.49","631.18K","-0.72%"
"2021-03-24","69.00","69.14","69.25","68.28","609.48K","-0.42%"
"2021-03-23","69.29","67.27","69.83","67.22","989.12K","3.50%"
"2021-03-22","66.95","66.56","67.23","66.47","823.64K","0.54%"
"2021-03-19","66.59","66.41","67.33","66.40","1.99M","-0.08%"
"2021-03-18","66.64","66.64","66.86","66.35","737.06K","-0.06%"
"2021-03-17","66.68","67.38","67.38","66.45","1.04M","-1.10%"
"2021-03-16","67.42","66.30","67.62","66.11","1.07M","1.90%"
"2021-03-15","66.16","65.71","66.29","65.57","912.05K","0.95%"
"2021-03-12","65.54","65.56","66.11","65.32","874.42K","-0.85%"
"2021-03-11","66.10","65.95","66.52","65.58","1.07M","0.17%"
"2021-03-10","65.99","65.48","66.50","65.31","867.60K","0.78%"
"2021-03-09","65.48","65.18","66.21","65.18","877.78K","0.41%"
"2021-03-08","65.21","64.74","65.80","64.60","1.05M","0.79%"
"2021-03-05","64.70","64.13","64.94","63.80","969.99K","1.17%"
"2021-03-04","63.95","62.77","64.43","62.46","1.30M","2.09%"
"2021-03-03","62.64","62.57","62.95","62.23","866.26K","-0.10%"
"2021-03-02","62.70","61.81","63.03","61.81","904.91K","1.55%"
"2021-03-01","61.74","61.89","62.17","61.59","1.13M","0.67%"
"2021-02-26","61.33","62.60","63.04","61.20","1.80M","-2.70%"
"2021-02-25","63.03","61.30","63.27","61.27","1.14M","3.57%"
"2021-02-24","60.86","61.67","61.96","60.86","727.13K","-1.47%"
"2021-02-23","61.77","61.62","62.04","61.35","661.26K","0.57%"
"2021-02-22","61.42","61.81","61.87","61.23","705.84K","-0.74%"
"2021-02-19","61.88","62.12","62.26","61.73","621.47K","-0.43%"
"2021-02-18","62.15","62.12","62.42","61.93","553.07K","-0.05%"
"2021-02-17","62.18","62.57","62.90","61.94","500.64K","-0.67%"
"2021-02-16","62.60","62.76","63.24","62.32","491.67K","0.03%"
"2021-02-12","62.58","62.04","62.86","61.70","440.49K","0.87%"
"2021-02-11","62.04","62.23","62.40","61.99","411.19K","-0.35%"
"2021-02-10","62.26","62.60","62.61","61.84","561.43K","-0.40%"
"2021-02-09","62.51","62.11","62.58","61.76","435.72K","0.68%"
"2021-02-08","62.09","62.04","62.40","61.95","417.34K","0.11%"
"2021-02-05","62.02","62.14","62.20","61.76","590.18K","-0.37%"
"2021-02-04","62.25","61.84","62.39","61.56","439.26K","0.73%"
"2021-02-03","61.80","62.65","62.65","61.75","897.94K","-1.51%"
"2021-02-02","62.75","63.11","63.49","62.46","643.23K","-0.43%"
"2021-02-01","63.02","61.80","63.16","61.42","880.47K","2.06%"
"2021-01-29","61.75","63.00","63.06","61.55","941.97K","-2.05%"
"2021-01-28","63.04","63.58","63.99","63.02","613.46K","-0.58%"
"2021-01-27","63.41","64.15","64.66","63.25","713.20K","-1.01%"
"2021-01-26","64.06","64.25","64.42","63.31","625.00K","0.19%"
"2021-01-25","63.94","63.35","64.15","63.11","563.21K","0.93%"
"2021-01-22","63.35","63.44","63.54","63.00","406.96K","-0.27%"
"2021-01-21","63.52","63.24","63.58","63.15","765.62K","0.51%"
"2021-01-20","63.20","63.63","63.72","63.00","843.62K","-0.72%"
"2021-01-19","63.66","63.98","64.01","63.35","556.42K","-0.22%"
"2021-01-18","63.80","64.46","64.49","63.79","187.81K","-0.65%"
"2021-01-15","64.22","63.47","64.30","63.04","615.76K","1.90%"
"2021-01-14","63.02","63.52","63.65","63.00","472.49K","-0.82%"
"2021-01-13","63.54","64.00","64.23","63.45","584.32K","-0.81%"
"2021-01-12","64.06","64.34","64.40","63.76","478.29K","-0.64%"
"2021-01-11","64.47","65.26","65.51","64.32","476.85K","-0.98%"
"2021-01-08","65.11","64.20","65.27","64.20","469.50K","1.21%"
"2021-01-07","64.33","64.62","64.62","64.00","603.14K","-0.20%"
"2021-01-06","64.46","63.52","64.56","63.52","661.48K","0.99%"
"2021-01-05","63.83","63.49","63.86","63.05","453.14K","0.13%"
"2021-01-04","63.75","63.01","63.83","63.00","340.94K","1.50%"
"2020-12-31","62.81","63.06","63.40","62.75","393.41K","-0.49%"
"2020-12-30","63.12","63.52","63.60","63.10","292.88K","-0.54%"
"2020-12-29","63.46","63.67","63.91","63.40","360.37K","-0.41%"
"2020-12-24","63.72","63.57","63.85","63.51","235.42K","0.05%"
"2020-12-23","63.69","64.12","64.14","63.62","419.20K","-0.52%"
"2020-12-22","64.02","64.10","64.28","63.92","596.11K","-0.06%"
"2020-12-21","64.06","64.50","64.67","63.90","3.78M","-0.84%"
"2020-12-18","64.60","64.67","65.09","64.30","1.50M","-0.11%"
"2020-12-17","64.67","65.58","65.69","64.15","690.30K","-1.13%"
"2020-12-16","65.41","65.52","66.54","65.35","928.15K","0.41%"
"2020-12-15","65.14","65.22","65.65","65.05","1.01M","-0.09%"
"2020-12-14","65.20","65.24","65.59","64.92","1.00M","-0.44%"
"2020-12-11","65.49","65.25","65.86","64.97","834.61K","0.43%"
"2020-12-10","65.21","65.68","65.71","65.08","848.57K","-0.93%"
"2020-12-09","65.82","64.28","65.94","63.87","1.22M","2.88%"
"2020-12-08","63.98","63.14","64.40","63.12","1.02M","1.23%"
"2020-12-07","63.20","63.56","63.74","63.15","858.96K","-0.52%"
"2020-12-04","63.53","64.09","64.10","63.41","860.35K","-0.80%"
"2020-12-03","64.04","63.43","64.10","63.31","590.94K","0.79%"
"2020-12-02","63.54","63.50","63.76","63.23","688.80K","-0.09%"
"2020-12-01","63.60","64.37","64.50","63.55","692.16K","-0.93%"
"2020-11-30","64.20","64.60","64.60","63.76","1.19M","-0.16%"
"2020-11-27","64.30","64.03","64.60","63.67","441.31K","0.37%"
"2020-11-26","64.06","64.00","64.17","63.65","202.71K","0.33%"
"2020-11-25","63.85","64.35","64.53","63.71","804.27K","-0.37%"
"2020-11-24","64.09","64.91","64.91","64.04","828.11K","-1.17%"
"2020-11-23","64.85","64.51","64.91","64.15","809.17K","0.92%"
"2020-11-20","64.26","64.40","64.40","63.61","649.88K","-0.03%"
"2020-11-19","64.28","64.08","64.50","63.71","560.32K","0.22%"
"2020-11-18","64.14","65.15","65.17","64.01","1.18M","-1.58%"
"2020-11-17","65.17","65.10","65.40","64.96","1.16M","-0.12%"
"2020-11-16","65.25","65.70","66.02","65.11","1.56M","-0.68%"
"2020-11-13","65.70","67.20","67.25","65.50","1.30M","-2.81%"
"2020-11-12","67.60","67.94","68.53","67.31","736.45K","1.41%"
"2020-11-11","66.66","66.04","66.71","65.74","653.51K","1.03%"
"2020-11-10","65.98","66.02","66.44","65.83","856.71K","-0.03%"
"2020-11-09","66.00","67.25","67.85","65.98","976.03K","-0.90%"
"2020-11-06","66.60","65.86","66.79","65.77","894.77K","1.11%"
"2020-11-05","65.87","66.23","66.53","65.50","997.39K","-0.39%"
"2020-11-04","66.13","66.20","66.91","66.01","1.01M","0.39%"
"2020-11-03","65.87","66.17","66.90","65.80","380.44K","-0.54%"
"2020-11-02","66.23","66.76","66.98","65.91","324.27K","-0.14%"
"2020-10-30","66.32","66.65","66.89","65.70","663.93K","-0.64%"
"2020-10-29","66.75","67.00","67.29","66.52","373.27K","0.03%"
"2020-10-28","66.73","66.88","67.37","66.70","512.96K","-0.61%"
"2020-10-27","67.14","67.19","67.48","66.71","322.53K","0.16%"
"2020-10-26","67.03","67.48","67.55","66.87","328.45K","-0.80%"
"2020-10-23","67.57","67.85","67.95","67.25","281.91K","-0.09%"
"2020-10-22","67.63","68.46","68.66","67.63","714.19K","-1.37%"
"2020-10-21","68.57","68.45","68.82","68.14","258.52K","0.31%"
"2020-10-20","68.36","68.62","68.98","68.01","530.73K","-0.28%"
"2020-10-19","68.55","69.37","69.51","68.45","379.59K","-1.20%"
"2020-10-16","69.38","69.32","69.89","69.14","313.87K","-0.10%"
"2020-10-15","69.45","68.57","69.48","68.31","340.25K","0.97%"
"2020-10-14","68.78","68.78","69.02","68.35","428.16K","-0.22%"
"2020-10-13","68.93","69.71","69.71","68.67","388.34K","0.10%"
"2020-10-09","68.86","69.38","69.71","68.82","354.34K","-0.63%"
"2020-10-08","69.30","69.48","69.56","68.96","1.35M","-0.20%"
"2020-10-07","69.44","69.75","69.86","69.43","295.38K","-0.24%"
"2020-10-06","69.61","69.55","69.90","68.98","513.58K","-0.33%"
"2020-10-05","69.84","69.19","69.90","69.00","574.16K","0.71%"
"2020-10-02","69.35","69.26","69.52","68.59","350.59K","-0.40%"
"2020-10-01","69.63","69.73","69.91","69.26","394.11K","-0.14%"
"2020-09-30","69.73","70.32","70.32","69.58","533.34K","-0.77%"
"2020-09-29","70.27","70.60","70.70","69.79","326.18K","-0.64%"
"2020-09-28","70.72","70.73","71.28","70.36","453.37K","0.03%"
"2020-09-25","70.70","69.95","70.97","69.44","1.40M","1.14%"
"2020-09-24","69.90","69.49","70.03","69.49","781.08K","0.17%"
"2020-09-23","69.78","69.90","70.30","69.52","429.86K","-0.17%"
"2020-09-22","69.90","68.14","70.06","67.94","618.60K","3.16%"
"2020-09-21","67.76","67.50","68.19","66.83","437.52K","0.10%"
"2020-09-18","67.69","68.22","68.22","67.56","1.63M","-0.44%"
"2020-09-17","67.99","67.18","68.45","67.18","577.78K","0.83%"
"2020-09-16","67.43","68.64","69.18","67.42","589.61K","-1.79%"
"2020-09-15","68.66","68.49","69.38","68.46","588.18K","0.59%"
"2020-09-14","68.26","68.00","68.88","67.93","804.93K","0.06%"
"2020-09-11","68.22","68.81","69.00","68.06","626.53K","-0.28%"
"2020-09-10","68.41","68.60","69.00","68.17","537.30K","-0.20%"
"2020-09-09","68.55","67.19","68.88","67.13","639.99K","2.62%"
"2020-09-08","66.80","66.85","67.25","66.42","1.66M","0.03%"
"2020-09-04","66.78","68.10","68.42","66.74","778.20K","-1.75%"
"2020-09-03","67.97","68.80","69.23","67.80","606.96K","-0.92%"
"2020-09-02","68.60","67.21","68.93","67.11","728.61K","2.56%"
"2020-09-01","66.89","67.03","67.36","66.59","763.86K","-0.77%"
"2020-08-31","67.41","68.40","68.67","67.28","854.14K","-1.45%"
"2020-08-28","68.40","69.71","69.73","68.39","422.66K","-2.02%"
"2020-08-27","69.81","69.69","70.43","69.57","374.60K","0.19%"
"2020-08-26","69.68","70.34","70.60","69.01","605.15K","-0.92%"
"2020-08-25","70.33","71.04","71.21","70.16","382.09K","-1.12%"
"2020-08-24","71.13","71.09","71.42","70.64","547.46K","0.04%"
"2020-08-21","71.10","70.76","71.24","70.33","688.90K","0.49%"
"2020-08-20","70.75","70.79","71.08","70.55","461.51K","-0.21%"
"2020-08-19","70.90","70.89","71.31","70.70","688.75K","-0.14%"
"2020-08-18","71.00","70.81","71.08","70.65","429.42K","0.41%"
"2020-08-17","70.71","70.78","71.04","70.51","433.78K","-0.11%"
"2020-08-14","70.79","70.88","71.35","70.51","696.75K","0.08%"
"2020-08-13","70.73","70.13","71.06","69.86","611.87K","0.54%"
"2020-08-12","70.35","70.31","71.77","70.20","647.36K","0.21%"
"2020-08-11","70.20","69.76","70.38","69.75","710.00K","0.96%"
"2020-08-10","69.53","69.91","69.97","69.08","509.21K","-0.40%"
"2020-08-07","69.81","69.91","70.21","69.63","289.57K","-0.23%"
"2020-08-06","69.97","69.56","70.06","69.37","446.22K","0.10%"
"2020-08-05","69.90","69.79","69.96","69.37","297.50K","0.19%"
"2020-08-04","69.77","69.85","70.11","69.39","483.75K","0.40%"
"2020-07-31","69.49","69.55","70.00","68.45","360.46K","-0.73%"
"2020-07-30","70.00","69.60","70.01","69.19","341.26K","0.30%"
"2020-07-29","69.79","69.12","70.10","68.71","687.20K","1.44%"
"2020-07-28","68.80","69.00","69.42","68.69","310.05K","-0.65%"
"2020-07-27","69.25","68.79","69.66","68.79","222.45K","0.17%"
"2020-07-24","69.13","69.53","69.64","68.52","357.44K","-0.48%"
"2020-07-23","69.46","69.23","70.03","68.69","665.20K","1.52%"
"2020-07-22","68.42","68.99","69.09","68.19","400.25K","-0.54%"
"2020-07-21","68.79","70.19","70.57","68.69","449.48K","-1.97%"
"2020-07-20","70.17","70.54","70.69","70.15","282.52K","-0.26%"
"2020-07-17","70.35","69.54","70.54","69.40","367.99K","1.08%"
"2020-07-16","69.60","69.14","69.93","69.09","271.12K","0.35%"
"2020-07-15","69.36","68.69","70.06","68.52","558.39K","1.37%"
"2020-07-14","68.42","67.87","68.69","67.87","669.07K","0.47%"
"2020-07-13","68.10","67.42","68.24","67.06","442.69K","0.99%"
"2020-07-10","67.43","66.96","67.50","66.79","327.91K","0.85%"
"2020-07-09","66.86","66.81","67.70","66.49","292.01K","-0.04%"
"2020-07-08","66.89","67.25","67.40","66.50","354.79K","-0.62%"
"2020-07-07","67.31","67.22","67.66","66.96","372.37K","-0.27%"
"2020-07-06","67.49","66.88","67.74","66.38","448.33K","1.17%"
"2020-07-03","66.71","66.82","66.82","66.10","237.53K","0.18%"
"2020-07-02","66.59","66.62","67.05","66.28","684.02K","0.73%"
"2020-06-30","66.11","67.06","67.49","65.88","683.85K","-1.62%"
"2020-06-29","67.20","65.49","67.50","65.36","735.35K","2.85%"
"2020-06-26","65.34","66.64","66.80","65.20","495.38K","-1.94%"
"2020-06-25","66.63","66.15","66.68","65.46","465.19K","0.76%"
"2020-06-24","66.13","65.16","66.39","64.98","1.05M","1.41%"
"2020-06-23","65.21","66.75","67.04","64.75","1.27M","-2.00%"
"2020-06-22","66.54","67.13","67.70","66.37","983.26K","-0.91%"
"2020-06-19","67.15","66.70","67.34","66.10","2.95M","1.33%"
"2020-06-18","66.27","66.12","66.80","65.85","405.16K","0.53%"
"2020-06-17","65.92","66.88","67.25","65.65","814.07K","-1.12%"
"2020-06-16","66.67","67.06","67.43","66.10","847.53K","0.74%"
"2020-06-15","66.18","65.95","66.60","65.39","745.49K","-0.39%"
"2020-06-12","66.44","66.24","66.86","65.49","1.33M","1.42%"
"2020-06-11","65.51","66.42","66.45","65.40","870.75K","-1.93%"
"2020-06-10","66.80","66.08","67.20","65.98","849.63K","1.23%"
"2020-06-09","65.99","66.27","66.41","65.58","629.67K","-0.48%"
"2020-06-08","66.31","67.47","67.54","66.28","987.00K","-1.70%"
"2020-06-05","67.46","67.98","67.98","67.00","707.43K","0.55%"
"2020-06-04","67.09","67.81","68.25","67.05","612.59K","-1.28%"
"2020-06-03","67.96","68.00","68.50","67.45","587.22K","0.56%"
"2020-06-02","67.58","67.20","67.70","66.48","573.80K","0.87%"
"2020-06-01","67.00","68.19","68.62","66.76","428.20K","-1.70%"
"2020-05-29","68.16","68.09","68.94","67.80","1.10M","-0.06%"
"2020-05-28","68.20","66.69","68.33","66.66","724.70K","2.19%"
"2020-05-27","66.74","67.20","67.45","65.46","1.17M","-0.28%"
"2020-05-26","66.93","67.44","67.44","66.55","826.65K","0.13%"
"2020-05-25","66.84","66.73","67.10","66.43","235.71K","0.66%"
"2020-05-22","66.40","67.05","67.26","65.65","755.08K","-0.66%"
"2020-05-21","66.84","67.60","67.63","66.60","719.37K","-0.98%"
"2020-05-20","67.50","69.19","69.35","67.20","746.04K","-1.75%"
"2020-05-19","68.70","68.49","68.93","67.79","679.45K","1.96%"
"2020-05-15","67.38","67.79","68.37","67.36","557.54K","-1.12%"
"2020-05-14","68.14","67.68","68.85","67.14","411.16K","0.13%"
"2020-05-13","68.05","69.99","70.47","67.92","511.33K","-2.92%"
"2020-05-12","70.10","71.55","71.72","69.93","543.42K","-2.22%"
"2020-05-11","71.69","69.29","71.69","68.72","637.04K","3.51%"
"2020-05-08","69.26","67.70","69.26","67.42","446.62K","2.74%"
"2020-05-07","67.41","68.51","68.80","67.22","593.84K","-1.72%"
"2020-05-06","68.59","69.25","69.26","68.39","620.93K","-0.36%"
"2020-05-05","68.84","67.77","69.17","67.44","932.20K","1.58%"
"2020-05-04","67.77","68.33","68.68","67.39","528.61K","-0.46%"
"2020-05-01","68.08","68.03","68.79","67.60","454.69K","-0.61%"
"2020-04-30","68.50","70.75","70.80","68.27","1.41M","-2.91%"
"2020-04-29","70.55","74.00","74.19","70.17","1.07M","-3.84%"
"2020-04-28","73.37","75.14","75.44","73.37","1.03M","-2.17%"
"2020-04-27","75.00","75.25","75.47","73.75","501.37K","0.67%"
"2020-04-24","74.50","74.31","75.07","74.05","567.96K","0.24%"
"2020-04-23","74.32","74.47","75.01","73.95","570.22K","-0.84%"
"2020-04-22","74.95","72.97","75.22","72.97","832.03K","2.83%"
"2020-04-21","72.89","73.82","74.79","72.73","669.27K","-2.45%"
"2020-04-20","74.72","73.30","74.87","72.79","445.83K","1.07%"
"2020-04-17","73.93","74.60","74.60","72.65","755.29K","0.63%"
"2020-04-16","73.47","73.70","74.24","73.07","602.56K","0.88%"
"2020-04-15","72.83","73.21","73.99","72.30","801.93K","-0.46%"
"2020-04-14","73.17","72.96","73.82","72.42","689.51K","0.80%"
"2020-04-13","72.59","71.81","72.72","71.09","532.66K","0.86%"
"2020-04-09","71.97","74.85","75.02","71.79","1.16M","-3.64%"
"2020-04-08","74.69","75.79","76.00","73.91","712.38K","-0.70%"
"2020-04-07","75.22","75.57","77.00","74.32","1.14M","-0.29%"
"2020-04-06","75.44","74.00","76.42","73.61","1.10M","4.08%"
"2020-04-03","72.48","71.17","72.64","70.81","769.99K","2.07%"
"2020-04-02","71.01","71.32","72.32","69.90","816.01K","-1.33%"
"2020-04-01","71.97","71.07","72.65","70.33","1.52M","-0.80%"
"2020-03-31","72.55","68.38","72.91","68.05","1.28M","4.93%"
"2020-03-30","69.14","68.00","69.25","65.29","769.88K","2.86%"
"2020-03-27","67.22","67.87","68.69","65.92","630.40K","-2.01%"
"2020-03-26","68.60","67.76","68.99","66.68","907.22K","2.07%"
"2020-03-25","67.21","63.58","69.25","62.58","1.10M","5.61%"
"2020-03-24","63.64","61.79","63.64","60.44","1.11M","6.60%"
"2020-03-23","59.70","66.72","67.31","59.01","1.20M","-10.56%"
"2020-03-20","66.75","67.27","69.20","66.38","2.15M","-0.07%"
"2020-03-19","66.80","67.55","68.32","66.43","1.55M","-0.73%"
"2020-03-18","67.29","68.22","71.64","66.70","1.79M","-3.53%"
"2020-03-17","69.75","66.86","72.88","66.60","2.13M","7.97%"
"2020-03-16","64.60","60.01","66.44","60.00","1.70M","-2.84%"
"2020-03-13","66.49","61.20","66.77","60.38","2.09M","11.80%"
"2020-03-12","59.47","65.18","65.18","59.10","1.93M","-10.76%"
"2020-03-11","66.64","67.62","69.19","66.46","1.54M","-1.96%"
"2020-03-10","67.97","68.50","69.31","67.32","1.48M","1.28%"
"2020-03-09","67.11","67.36","71.45","67.00","1.61M","-7.24%"
"2020-03-06","72.35","71.24","72.87","71.00","1.06M","0.67%"
"2020-03-05","71.87","71.13","72.38","70.50","924.13K","0.41%"
"2020-03-04","71.58","69.81","71.91","69.81","953.82K","3.51%"
"2020-03-03","69.15","67.41","70.08","67.28","1.31M","2.66%"
"2020-03-02","67.36","66.86","67.66","66.01","1.43M","1.29%"
"2020-02-28","66.50","68.88","69.25","66.34","1.79M","-4.11%"
"2020-02-27","69.35","69.45","70.25","69.21","488.59K","-0.47%"
"2020-02-26","69.68","69.01","70.53","69.01","742.45K","-0.11%"
"2020-02-25","69.76","69.61","70.50","69.47","703.25K","-0.34%"
"2020-02-24","70.00","69.16","70.04","68.63","449.29K","-0.21%"
"2020-02-21","70.15","69.82","70.15","69.35","618.37K","0.33%"
"2020-02-20","69.92","69.98","70.44","69.57","518.72K","-1.65%"
"2020-02-19","71.09","71.16","71.39","70.85","545.29K","0.01%"
"2020-02-18","71.08","71.00","71.66","70.72","274.21K","-0.01%"
"2020-02-14","71.09","70.77","71.16","70.68","203.10K","0.35%"
"2020-02-13","70.84","70.47","70.84","70.00","319.40K","0.33%"
"2020-02-12","70.61","70.62","70.96","70.10","397.34K","-0.18%"
"2020-02-11","70.74","71.01","71.35","70.56","248.46K","-0.30%"
"2020-02-10","70.95","70.39","71.25","70.20","219.93K","0.78%"
"2020-02-07","70.40","70.63","70.70","70.16","336.16K","-0.27%"
"2020-02-06","70.59","69.80","70.70","69.78","305.14K","1.10%"
"2020-02-05","69.82","69.69","70.17","69.34","411.60K","0.40%"
"2020-02-04","69.54","69.53","69.85","69.46","370.86K","0.51%"
"2020-02-03","69.19","69.47","69.75","69.19","297.75K","-0.07%"
"2020-01-31","69.24","69.62","69.89","68.97","345.00K","-0.72%"
"2020-01-30","69.74","69.30","69.96","69.13","424.72K","0.36%"
"2020-01-29","69.49","69.32","69.58","68.68","420.17K","0.33%"
"2020-01-28","69.26","69.63","69.80","68.97","448.82K","-0.59%"
"2020-01-27","69.67","68.47","69.81","68.27","369.24K","1.07%"
"2020-01-24","68.93","69.12","69.12","68.63","237.66K","-0.03%"
"2020-01-23","68.95","69.05","69.70","68.67","402.57K","-0.20%"
"2020-01-22","69.09","68.60","69.49","68.55","474.33K","0.44%"
"2020-01-21","68.79","68.60","68.99","68.29","407.57K","0.35%"
"2020-01-20","68.55","68.10","68.59","68.00","180.86K","0.25%"
"2020-01-17","68.38","68.12","68.57","68.03","321.47K","0.48%"
"2020-01-16","68.05","67.39","68.13","67.35","444.92K","1.08%"
"2020-01-15","67.32","67.06","67.64","67.06","379.97K","0.52%"
"2020-01-14","66.97","66.71","67.14","66.70","503.27K","-0.03%"
"2020-01-13","66.99","67.88","67.89","66.91","564.79K","-1.27%"
"2020-01-10","67.85","67.98","68.11","67.59","365.16K","-0.06%"
"2020-01-09","67.89","67.76","68.25","67.55","330.08K","0.47%"
"2020-01-08","67.57","67.22","68.67","67.20","498.44K","0.52%"
"2020-01-07","67.22","66.77","67.44","66.69","357.36K","0.76%"
"2020-01-06","66.71","66.97","67.05","66.61","348.52K","-0.45%"
"2020-01-03","67.01","66.47","67.13","66.37","405.03K","0.39%"
"2020-01-02","66.75","67.01","67.10","66.44","294.36K","-0.37%"
"2019-12-31","67.00","67.06","67.24","66.62","213.09K","-0.49%"
"2019-12-30","67.33","67.60","67.60","66.92","240.41K","-0.66%"
"2019-12-27","67.78","67.70","67.82","67.45","144.90K","0.16%"
"2019-12-24","67.67","67.60","67.72","67.23","108.64K","-0.01%"
"2019-12-23","67.68","67.68","68.04","67.50","213.32K","-0.32%"
"2019-12-20","67.90","67.53","68.05","67.53","1.19M","0.35%"
"2019-12-19","67.66","68.63","68.63","67.63","548.61K","-1.63%"
"2019-12-18","68.78","69.32","69.32","68.31","583.80K","-0.75%"
"2019-12-17","69.30","69.51","69.65","69.12","508.24K","-0.17%"
"2019-12-16","69.42","69.18","69.61","69.17","292.56K","0.25%"
"2019-12-13","69.25","69.91","70.25","69.01","619.71K","-1.38%"
"2019-12-12","70.22","71.25","71.59","69.86","1.05M","-2.05%"
"2019-12-11","71.69","71.94","72.20","71.34","518.04K","-0.29%"
"2019-12-10","71.90","71.96","72.30","71.72","581.19K","-0.08%"
"2019-12-09","71.96","71.89","72.23","71.77","233.83K","-0.19%"
"2019-12-06","72.10","72.00","72.75","71.96","297.49K","0.50%"
"2019-12-05","71.74","71.54","72.12","71.20","409.07K","0.27%"
"2019-12-04","71.55","71.96","72.29","71.38","460.22K","-0.69%"
"2019-12-03","72.05","71.74","72.16","70.89","505.78K","0.29%"
"2019-12-02","71.84","71.57","72.10","71.29","843.98K","0.34%"
"2019-11-29","71.60","71.85","72.10","71.21","474.67K","-0.60%"
"2019-11-28","72.03","71.75","72.23","71.64","307.55K","0.49%"
"2019-11-27","71.68","71.39","72.21","71.37","550.42K","0.11%"
"2019-11-26","71.60","71.00","71.82","70.43","1.43M","0.83%"
"2019-11-25","71.01","70.42","71.48","70.41","476.04K","0.65%"
"2019-11-22","70.55","70.75","70.78","70.19","518.31K","-0.27%"
"2019-11-21","70.74","70.52","71.05","70.38","512.62K","0.38%"